id_tiempo,fecha,dia_semana,dia,semana,mes,nombre_mes,anio,nivel
T-0001,01/01/2020,Miércoles,1,1,1,Enero,2020,1
T-0002,01/02/2020,Jueves,2,1,1,Enero,2020,1
T-0003,01/03/2020,Viernes,3,1,1,Enero,2020,1
T-0004,01/04/2020,Sábado,4,1,1,Enero,2020,1
T-0005,01/05/2020,Domingo,5,1,1,Enero,2020,1
T-0006,01/06/2020,Lunes,6,2,1,Enero,2020,1
T-0007,01/07/2020,Martes,7,2,1,Enero,2020,1
T-0008,01/08/2020,Miércoles,8,2,1,Enero,2020,1
T-0009,01/09/2020,Jueves,9,2,1,Enero,2020,1
T-0010,01/10/2020,Viernes,10,2,1,Enero,2020,1
T-0011,01/11/2020,Sábado,11,2,1,Enero,2020,1
T-0012,01/12/2020,Domingo,12,2,1,Enero,2020,1
T-0013,01/13/2020,Lunes,13,3,1,Enero,2020,1
T-0014,01/14/2020,Martes,14,3,1,Enero,2020,1
T-0015,01/15/2020,Miércoles,15,3,1,Enero,2020,1
T-0016,01/16/2020,Jueves,16,3,1,Enero,2020,1
T-0017,01/17/2020,Viernes,17,3,1,Enero,2020,1
T-0018,01/18/2020,Sábado,18,3,1,Enero,2020,1
T-0019,01/19/2020,Domingo,19,3,1,Enero,2020,1
T-0020,01/20/2020,Lunes,20,4,1,Enero,2020,1
T-0021,01/21/2020,Martes,21,4,1,Enero,2020,1
T-0022,01/22/2020,Miércoles,22,4,1,Enero,2020,1
T-0023,01/23/2020,Jueves,23,4,1,Enero,2020,1
T-0024,01/24/2020,Viernes,24,4,1,Enero,2020,1
T-0025,01/25/2020,Sábado,25,4,1,Enero,2020,1
T-0026,01/26/2020,Domingo,26,4,1,Enero,2020,1
T-0027,01/27/2020,Lunes,27,5,1,Enero,2020,1
T-0028,01/28/2020,Martes,28,5,1,Enero,2020,1
T-0029,01/29/2020,Miércoles,29,5,1,Enero,2020,1
T-0030,01/30/2020,Jueves,30,5,1,Enero,2020,1
T-0031,01/31/2020,Viernes,31,5,1,Enero,2020,1
T-0032,02/01/2020,Sábado,1,5,2,Febrero,2020,1
T-0033,02/02/2020,Domingo,2,5,2,Febrero,2020,1
T-0034,02/03/2020,Lunes,3,6,2,Febrero,2020,1
T-0035,02/04/2020,Martes,4,6,2,Febrero,2020,1
T-0036,02/05/2020,Miércoles,5,6,2,Febrero,2020,1
T-0037,02/06/2020,Jueves,6,6,2,Febrero,2020,1
T-0038,02/07/2020,Viernes,7,6,2,Febrero,2020,1
T-0039,02/08/2020,Sábado,8,6,2,Febrero,2020,1
T-0040,02/09/2020,Domingo,9,6,2,Febrero,2020,1
T-0041,02/10/2020,Lunes,10,7,2,Febrero,2020,1
T-0042,02/11/2020,Martes,11,7,2,Febrero,2020,1
T-0043,02/12/2020,Miércoles,12,7,2,Febrero,2020,1
T-0044,02/13/2020,Jueves,13,7,2,Febrero,2020,1
T-0045,02/14/2020,Viernes,14,7,2,Febrero,2020,1
T-0046,02/15/2020,Sábado,15,7,2,Febrero,2020,1
T-0047,02/16/2020,Domingo,16,7,2,Febrero,2020,1
T-0048,02/17/2020,Lunes,17,8,2,Febrero,2020,1
T-0049,02/18/2020,Martes,18,8,2,Febrero,2020,1
T-0050,02/19/2020,Miércoles,19,8,2,Febrero,2020,1
T-0051,02/20/2020,Jueves,20,8,2,Febrero,2020,1
T-0052,02/21/2020,Viernes,21,8,2,Febrero,2020,1
T-0053,02/22/2020,Sábado,22,8,2,Febrero,2020,1
T-0054,02/23/2020,Domingo,23,8,2,Febrero,2020,1
T-0055,02/24/2020,Lunes,24,9,2,Febrero,2020,1
T-0056,02/25/2020,Martes,25,9,2,Febrero,2020,1
T-0057,02/26/2020,Miércoles,26,9,2,Febrero,2020,1
T-0058,02/27/2020,Jueves,27,9,2,Febrero,2020,1
T-0059,02/28/2020,Viernes,28,9,2,Febrero,2020,1
T-0060,03/01/2020,Domingo,1,9,3,Marzo,2020,1
T-0061,03/02/2020,Lunes,2,10,3,Marzo,2020,1
T-0062,03/03/2020,Martes,3,10,3,Marzo,2020,1
T-0063,03/04/2020,Miércoles,4,10,3,Marzo,2020,1
T-0064,03/05/2020,Jueves,5,10,3,Marzo,2020,1
T-0065,03/06/2020,Viernes,6,10,3,Marzo,2020,1
T-0066,03/07/2020,Sábado,7,10,3,Marzo,2020,1
T-0067,03/08/2020,Domingo,8,10,3,Marzo,2020,1
T-0068,03/09/2020,Lunes,9,11,3,Marzo,2020,1
T-0069,03/10/2020,Martes,10,11,3,Marzo,2020,1
T-0070,03/11/2020,Miércoles,11,11,3,Marzo,2020,1
T-0071,03/12/2020,Jueves,12,11,3,Marzo,2020,1
T-0072,03/13/2020,Viernes,13,11,3,Marzo,2020,1
T-0073,03/14/2020,Sábado,14,11,3,Marzo,2020,1
T-0074,03/15/2020,Domingo,15,11,3,Marzo,2020,1
T-0075,03/16/2020,Lunes,16,12,3,Marzo,2020,1
T-0076,03/17/2020,Martes,17,12,3,Marzo,2020,1
T-0077,03/18/2020,Miércoles,18,12,3,Marzo,2020,1
T-0078,03/19/2020,Jueves,19,12,3,Marzo,2020,1
T-0079,03/20/2020,Viernes,20,12,3,Marzo,2020,1
T-0080,03/21/2020,Sábado,21,12,3,Marzo,2020,1
T-0081,03/22/2020,Domingo,22,12,3,Marzo,2020,1
T-0082,03/23/2020,Lunes,23,13,3,Marzo,2020,1
T-0083,03/24/2020,Martes,24,13,3,Marzo,2020,1
T-0084,03/25/2020,Miércoles,25,13,3,Marzo,2020,1
T-0085,03/26/2020,Jueves,26,13,3,Marzo,2020,1
T-0086,03/27/2020,Viernes,27,13,3,Marzo,2020,1
T-0087,03/28/2020,Sábado,28,13,3,Marzo,2020,1
T-0088,03/29/2020,Domingo,29,13,3,Marzo,2020,1
T-0089,03/30/2020,Lunes,30,14,3,Marzo,2020,1
T-0090,03/31/2020,Martes,31,14,3,Marzo,2020,1
T-0091,04/01/2020,Miércoles,1,14,4,Abril,2020,1
T-0092,04/02/2020,Jueves,2,14,4,Abril,2020,1
T-0093,04/03/2020,Viernes,3,14,4,Abril,2020,1
T-0094,04/04/2020,Sábado,4,14,4,Abril,2020,1
T-0095,04/05/2020,Domingo,5,14,4,Abril,2020,1
T-0096,04/06/2020,Lunes,6,15,4,Abril,2020,1
T-0097,04/07/2020,Martes,7,15,4,Abril,2020,1
T-0098,04/08/2020,Miércoles,8,15,4,Abril,2020,1
T-0099,04/09/2020,Jueves,9,15,4,Abril,2020,1
T-0100,04/10/2020,Viernes,10,15,4,Abril,2020,1
T-0101,04/11/2020,Sábado,11,15,4,Abril,2020,1
T-0102,04/12/2020,Domingo,12,15,4,Abril,2020,1
T-0103,04/13/2020,Lunes,13,16,4,Abril,2020,1
T-0104,04/14/2020,Martes,14,16,4,Abril,2020,1
T-0105,04/15/2020,Miércoles,15,16,4,Abril,2020,1
T-0106,04/16/2020,Jueves,16,16,4,Abril,2020,1
T-0107,04/17/2020,Viernes,17,16,4,Abril,2020,1
T-0108,04/18/2020,Sábado,18,16,4,Abril,2020,1
T-0109,04/19/2020,Domingo,19,16,4,Abril,2020,1
T-0110,04/20/2020,Lunes,20,17,4,Abril,2020,1
T-0111,04/21/2020,Martes,21,17,4,Abril,2020,1
T-0112,04/22/2020,Miércoles,22,17,4,Abril,2020,1
T-0113,04/23/2020,Jueves,23,17,4,Abril,2020,1
T-0114,04/24/2020,Viernes,24,17,4,Abril,2020,1
T-0115,04/25/2020,Sábado,25,17,4,Abril,2020,1
T-0116,04/26/2020,Domingo,26,17,4,Abril,2020,1
T-0117,04/27/2020,Lunes,27,18,4,Abril,2020,1
T-0118,04/28/2020,Martes,28,18,4,Abril,2020,1
T-0119,04/29/2020,Miércoles,29,18,4,Abril,2020,1
T-0120,04/30/2020,Jueves,30,18,4,Abril,2020,1
T-0121,05/01/2020,Viernes,1,18,5,Mayo,2020,1
T-0122,05/02/2020,Sábado,2,18,5,Mayo,2020,1
T-0123,05/03/2020,Domingo,3,18,5,Mayo,2020,1
T-0124,05/04/2020,Lunes,4,19,5,Mayo,2020,1
T-0125,05/05/2020,Martes,5,19,5,Mayo,2020,1
T-0126,05/06/2020,Miércoles,6,19,5,Mayo,2020,1
T-0127,05/07/2020,Jueves,7,19,5,Mayo,2020,1
T-0128,05/08/2020,Viernes,8,19,5,Mayo,2020,1
T-0129,05/09/2020,Sábado,9,19,5,Mayo,2020,1
T-0130,05/10/2020,Domingo,10,19,5,Mayo,2020,1
T-0131,05/11/2020,Lunes,11,20,5,Mayo,2020,1
T-0132,05/12/2020,Martes,12,20,5,Mayo,2020,1
T-0133,05/13/2020,Miércoles,13,20,5,Mayo,2020,1
T-0134,05/14/2020,Jueves,14,20,5,Mayo,2020,1
T-0135,05/15/2020,Viernes,15,20,5,Mayo,2020,1
T-0136,05/16/2020,Sábado,16,20,5,Mayo,2020,1
T-0137,05/17/2020,Domingo,17,20,5,Mayo,2020,1
T-0138,05/18/2020,Lunes,18,21,5,Mayo,2020,1
T-0139,05/19/2020,Martes,19,21,5,Mayo,2020,1
T-0140,05/20/2020,Miércoles,20,21,5,Mayo,2020,1
T-0141,05/21/2020,Jueves,21,21,5,Mayo,2020,1
T-0142,05/22/2020,Viernes,22,21,5,Mayo,2020,1
T-0143,05/23/2020,Sábado,23,21,5,Mayo,2020,1
T-0144,05/24/2020,Domingo,24,21,5,Mayo,2020,1
T-0145,05/25/2020,Lunes,25,22,5,Mayo,2020,1
T-0146,05/26/2020,Martes,26,22,5,Mayo,2020,1
T-0147,05/27/2020,Miércoles,27,22,5,Mayo,2020,1
T-0148,05/28/2020,Jueves,28,22,5,Mayo,2020,1
T-0149,05/29/2020,Viernes,29,22,5,Mayo,2020,1
T-0150,05/30/2020,Sábado,30,22,5,Mayo,2020,1
T-0151,05/31/2020,Domingo,31,22,5,Mayo,2020,1
T-0152,06/01/2020,Lunes,1,23,6,Junio,2020,1
T-0153,06/02/2020,Martes,2,23,6,Junio,2020,1
T-0154,06/03/2020,Miércoles,3,23,6,Junio,2020,1
T-0155,06/04/2020,Jueves,4,23,6,Junio,2020,1
T-0156,06/05/2020,Viernes,5,23,6,Junio,2020,1
T-0157,06/06/2020,Sábado,6,23,6,Junio,2020,1
T-0158,06/07/2020,Domingo,7,23,6,Junio,2020,1
T-0159,06/08/2020,Lunes,8,24,6,Junio,2020,1
T-0160,06/09/2020,Martes,9,24,6,Junio,2020,1
T-0161,06/10/2020,Miércoles,10,24,6,Junio,2020,1
T-0162,06/11/2020,Jueves,11,24,6,Junio,2020,1
T-0163,06/12/2020,Viernes,12,24,6,Junio,2020,1
T-0164,06/13/2020,Sábado,13,24,6,Junio,2020,1
T-0165,06/14/2020,Domingo,14,24,6,Junio,2020,1
T-0166,06/15/2020,Lunes,15,25,6,Junio,2020,1
T-0167,06/16/2020,Martes,16,25,6,Junio,2020,1
T-0168,06/17/2020,Miércoles,17,25,6,Junio,2020,1
T-0169,06/18/2020,Jueves,18,25,6,Junio,2020,1
T-0170,06/19/2020,Viernes,19,25,6,Junio,2020,1
T-0171,06/20/2020,Sábado,20,25,6,Junio,2020,1
T-0172,06/21/2020,Domingo,21,25,6,Junio,2020,1
T-0173,06/22/2020,Lunes,22,26,6,Junio,2020,1
T-0174,06/23/2020,Martes,23,26,6,Junio,2020,1
T-0175,06/24/2020,Miércoles,24,26,6,Junio,2020,1
T-0176,06/25/2020,Jueves,25,26,6,Junio,2020,1
T-0177,06/26/2020,Viernes,26,26,6,Junio,2020,1
T-0178,06/27/2020,Sábado,27,26,6,Junio,2020,1
T-0179,06/28/2020,Domingo,28,26,6,Junio,2020,1
T-0180,06/29/2020,Lunes,29,27,6,Junio,2020,1
T-0181,06/30/2020,Martes,30,27,6,Junio,2020,1
T-0182,07/01/2020,Miércoles,1,27,7,Julio,2020,1
T-0183,07/02/2020,Jueves,2,27,7,Julio,2020,1
T-0184,07/03/2020,Viernes,3,27,7,Julio,2020,1
T-0185,07/04/2020,Sábado,4,27,7,Julio,2020,1
T-0186,07/05/2020,Domingo,5,27,7,Julio,2020,1
T-0187,07/06/2020,Lunes,6,28,7,Julio,2020,1
T-0188,07/07/2020,Martes,7,28,7,Julio,2020,1
T-0189,07/08/2020,Miércoles,8,28,7,Julio,2020,1
T-0190,07/09/2020,Jueves,9,28,7,Julio,2020,1
T-0191,07/10/2020,Viernes,10,28,7,Julio,2020,1
T-0192,07/11/2020,Sábado,11,28,7,Julio,2020,1
T-0193,07/12/2020,Domingo,12,28,7,Julio,2020,1
T-0194,07/13/2020,Lunes,13,29,7,Julio,2020,1
T-0195,07/14/2020,Martes,14,29,7,Julio,2020,1
T-0196,07/15/2020,Miércoles,15,29,7,Julio,2020,1
T-0197,07/16/2020,Jueves,16,29,7,Julio,2020,1
T-0198,07/17/2020,Viernes,17,29,7,Julio,2020,1
T-0199,07/18/2020,Sábado,18,29,7,Julio,2020,1
T-0200,07/19/2020,Domingo,19,29,7,Julio,2020,1
T-0201,07/20/2020,Lunes,20,30,7,Julio,2020,1
T-0202,07/21/2020,Martes,21,30,7,Julio,2020,1
T-0203,07/22/2020,Miércoles,22,30,7,Julio,2020,1
T-0204,07/23/2020,Jueves,23,30,7,Julio,2020,1
T-0205,07/24/2020,Viernes,24,30,7,Julio,2020,1
T-0206,07/25/2020,Sábado,25,30,7,Julio,2020,1
T-0207,07/26/2020,Domingo,26,30,7,Julio,2020,1
T-0208,07/27/2020,Lunes,27,31,7,Julio,2020,1
T-0209,07/28/2020,Martes,28,31,7,Julio,2020,1
T-0210,07/29/2020,Miércoles,29,31,7,Julio,2020,1
T-0211,07/30/2020,Jueves,30,31,7,Julio,2020,1
T-0212,07/31/2020,Viernes,31,31,7,Julio,2020,1
T-0213,08/01/2020,Sábado,1,31,8,Agosto,2020,1
T-0214,08/02/2020,Domingo,2,31,8,Agosto,2020,1
T-0215,08/03/2020,Lunes,3,32,8,Agosto,2020,1
T-0216,08/04/2020,Martes,4,32,8,Agosto,2020,1
T-0217,08/05/2020,Miércoles,5,32,8,Agosto,2020,1
T-0218,08/06/2020,Jueves,6,32,8,Agosto,2020,1
T-0219,08/07/2020,Viernes,7,32,8,Agosto,2020,1
T-0220,08/08/2020,Sábado,8,32,8,Agosto,2020,1
T-0221,08/09/2020,Domingo,9,32,8,Agosto,2020,1
T-0222,08/10/2020,Lunes,10,33,8,Agosto,2020,1
T-0223,08/11/2020,Martes,11,33,8,Agosto,2020,1
T-0224,08/12/2020,Miércoles,12,33,8,Agosto,2020,1
T-0225,08/13/2020,Jueves,13,33,8,Agosto,2020,1
T-0226,08/14/2020,Viernes,14,33,8,Agosto,2020,1
T-0227,08/15/2020,Sábado,15,33,8,Agosto,2020,1
T-0228,08/16/2020,Domingo,16,33,8,Agosto,2020,1
T-0229,08/17/2020,Lunes,17,34,8,Agosto,2020,1
T-0230,08/18/2020,Martes,18,34,8,Agosto,2020,1
T-0231,08/19/2020,Miércoles,19,34,8,Agosto,2020,1
T-0232,08/20/2020,Jueves,20,34,8,Agosto,2020,1
T-0233,08/21/2020,Viernes,21,34,8,Agosto,2020,1
T-0234,08/22/2020,Sábado,22,34,8,Agosto,2020,1
T-0235,08/23/2020,Domingo,23,34,8,Agosto,2020,1
T-0236,08/24/2020,Lunes,24,35,8,Agosto,2020,1
T-0237,08/25/2020,Martes,25,35,8,Agosto,2020,1
T-0238,08/26/2020,Miércoles,26,35,8,Agosto,2020,1
T-0239,08/27/2020,Jueves,27,35,8,Agosto,2020,1
T-0240,08/28/2020,Viernes,28,35,8,Agosto,2020,1
T-0241,08/29/2020,Sábado,29,35,8,Agosto,2020,1
T-0242,08/30/2020,Domingo,30,35,8,Agosto,2020,1
T-0243,08/31/2020,Lunes,31,36,8,Agosto,2020,1
T-0244,09/01/2020,Martes,1,36,9,Septiembre,2020,1
T-0245,09/02/2020,Miércoles,2,36,9,Septiembre,2020,1
T-0246,09/03/2020,Jueves,3,36,9,Septiembre,2020,1
T-0247,09/04/2020,Viernes,4,36,9,Septiembre,2020,1
T-0248,09/05/2020,Sábado,5,36,9,Septiembre,2020,1
T-0249,09/06/2020,Domingo,6,36,9,Septiembre,2020,1
T-0250,09/07/2020,Lunes,7,37,9,Septiembre,2020,1
T-0251,09/08/2020,Martes,8,37,9,Septiembre,2020,1
T-0252,09/09/2020,Miércoles,9,37,9,Septiembre,2020,1
T-0253,09/10/2020,Jueves,10,37,9,Septiembre,2020,1
T-0254,09/11/2020,Viernes,11,37,9,Septiembre,2020,1
T-0255,09/12/2020,Sábado,12,37,9,Septiembre,2020,1
T-0256,09/13/2020,Domingo,13,37,9,Septiembre,2020,1
T-0257,09/14/2020,Lunes,14,38,9,Septiembre,2020,1
T-0258,09/15/2020,Martes,15,38,9,Septiembre,2020,1
T-0259,09/16/2020,Miércoles,16,38,9,Septiembre,2020,1
T-0260,09/17/2020,Jueves,17,38,9,Septiembre,2020,1
T-0261,09/18/2020,Viernes,18,38,9,Septiembre,2020,1
T-0262,09/19/2020,Sábado,19,38,9,Septiembre,2020,1
T-0263,09/20/2020,Domingo,20,38,9,Septiembre,2020,1
T-0264,09/21/2020,Lunes,21,39,9,Septiembre,2020,1
T-0265,09/22/2020,Martes,22,39,9,Septiembre,2020,1
T-0266,09/23/2020,Miércoles,23,39,9,Septiembre,2020,1
T-0267,09/24/2020,Jueves,24,39,9,Septiembre,2020,1
T-0268,09/25/2020,Viernes,25,39,9,Septiembre,2020,1
T-0269,09/26/2020,Sábado,26,39,9,Septiembre,2020,1
T-0270,09/27/2020,Domingo,27,39,9,Septiembre,2020,1
T-0271,09/28/2020,Lunes,28,40,9,Septiembre,2020,1
T-0272,09/29/2020,Martes,29,40,9,Septiembre,2020,1
T-0273,09/30/2020,Miércoles,30,40,9,Septiembre,2020,1
T-0274,10/01/2020,Jueves,1,40,10,Octubre,2020,1
T-0275,10/02/2020,Viernes,2,40,10,Octubre,2020,1
T-0276,10/03/2020,Sábado,3,40,10,Octubre,2020,1
T-0277,10/04/2020,Domingo,4,40,10,Octubre,2020,1
T-0278,10/05/2020,Lunes,5,41,10,Octubre,2020,1
T-0279,10/06/2020,Martes,6,41,10,Octubre,2020,1
T-0280,10/07/2020,Miércoles,7,41,10,Octubre,2020,1
T-0281,10/08/2020,Jueves,8,41,10,Octubre,2020,1
T-0282,10/09/2020,Viernes,9,41,10,Octubre,2020,1
T-0283,10/10/2020,Sábado,10,41,10,Octubre,2020,1
T-0284,10/11/2020,Domingo,11,41,10,Octubre,2020,1
T-0285,10/12/2020,Lunes,12,42,10,Octubre,2020,1
T-0286,10/13/2020,Martes,13,42,10,Octubre,2020,1
T-0287,10/14/2020,Miércoles,14,42,10,Octubre,2020,1
T-0288,10/15/2020,Jueves,15,42,10,Octubre,2020,1
T-0289,10/16/2020,Viernes,16,42,10,Octubre,2020,1
T-0290,10/17/2020,Sábado,17,42,10,Octubre,2020,1
T-0291,10/18/2020,Domingo,18,42,10,Octubre,2020,1
T-0292,10/19/2020,Lunes,19,43,10,Octubre,2020,1
T-0293,10/20/2020,Martes,20,43,10,Octubre,2020,1
T-0294,10/21/2020,Miércoles,21,43,10,Octubre,2020,1
T-0295,10/22/2020,Jueves,22,43,10,Octubre,2020,1
T-0296,10/23/2020,Viernes,23,43,10,Octubre,2020,1
T-0297,10/24/2020,Sábado,24,43,10,Octubre,2020,1
T-0298,10/25/2020,Domingo,25,43,10,Octubre,2020,1
T-0299,10/26/2020,Lunes,26,44,10,Octubre,2020,1
T-0300,10/27/2020,Martes,27,44,10,Octubre,2020,1
T-0301,10/28/2020,Miércoles,28,44,10,Octubre,2020,1
T-0302,10/29/2020,Jueves,29,44,10,Octubre,2020,1
T-0303,10/30/2020,Viernes,30,44,10,Octubre,2020,1
T-0304,10/31/2020,Sábado,31,44,10,Octubre,2020,1
T-0305,11/01/2020,Domingo,1,45,11,Noviembre,2020,1
T-0306,11/02/2020,Lunes,2,45,11,Noviembre,2020,1
T-0307,11/03/2020,Martes,3,45,11,Noviembre,2020,1
T-0308,11/04/2020,Miércoles,4,45,11,Noviembre,2020,1
T-0309,11/05/2020,Jueves,5,45,11,Noviembre,2020,1
T-0310,11/06/2020,Viernes,6,45,11,Noviembre,2020,1
T-0311,11/07/2020,Sábado,7,45,11,Noviembre,2020,1
T-0312,11/08/2020,Domingo,8,46,11,Noviembre,2020,1
T-0313,11/09/2020,Lunes,9,46,11,Noviembre,2020,1
T-0314,11/10/2020,Martes,10,46,11,Noviembre,2020,1
T-0315,11/11/2020,Miércoles,11,46,11,Noviembre,2020,1
T-0316,11/12/2020,Jueves,12,46,11,Noviembre,2020,1
T-0317,11/13/2020,Viernes,13,46,11,Noviembre,2020,1
T-0318,11/14/2020,Sábado,14,46,11,Noviembre,2020,1
T-0319,11/15/2020,Domingo,15,47,11,Noviembre,2020,1
T-0320,11/16/2020,Lunes,16,47,11,Noviembre,2020,1
T-0321,11/17/2020,Martes,17,47,11,Noviembre,2020,1
T-0322,11/18/2020,Miércoles,18,47,11,Noviembre,2020,1
T-0323,11/19/2020,Jueves,19,47,11,Noviembre,2020,1
T-0324,11/20/2020,Viernes,20,47,11,Noviembre,2020,1
T-0325,11/21/2020,Sábado,21,47,11,Noviembre,2020,1
T-0326,11/22/2020,Domingo,22,48,11,Noviembre,2020,1
T-0327,11/23/2020,Lunes,23,48,11,Noviembre,2020,1
T-0328,11/24/2020,Martes,24,48,11,Noviembre,2020,1
T-0329,11/25/2020,Miércoles,25,48,11,Noviembre,2020,1
T-0330,11/26/2020,Jueves,26,48,11,Noviembre,2020,1
T-0331,11/27/2020,Viernes,27,48,11,Noviembre,2020,1
T-0332,11/28/2020,Sábado,28,48,11,Noviembre,2020,1
T-0333,11/29/2020,Domingo,29,49,11,Noviembre,2020,1
T-0334,11/30/2020,Lunes,30,49,11,Noviembre,2020,1
T-0335,12/01/2020,Martes,1,49,12,Diciembre,2020,1
T-0336,12/02/2020,Miércoles,2,49,12,Diciembre,2020,1
T-0337,12/03/2020,Jueves,3,49,12,Diciembre,2020,1
T-0338,12/04/2020,Viernes,4,49,12,Diciembre,2020,1
T-0339,12/05/2020,Sábado,5,49,12,Diciembre,2020,1
T-0340,12/06/2020,Domingo,6,50,12,Diciembre,2020,1
T-0341,12/07/2020,Lunes,7,50,12,Diciembre,2020,1
T-0342,12/08/2020,Martes,8,50,12,Diciembre,2020,1
T-0343,12/09/2020,Miércoles,9,50,12,Diciembre,2020,1
T-0344,12/10/2020,Jueves,10,50,12,Diciembre,2020,1
T-0345,12/11/2020,Viernes,11,50,12,Diciembre,2020,1
T-0346,12/12/2020,Sábado,12,50,12,Diciembre,2020,1
T-0347,12/13/2020,Domingo,13,51,12,Diciembre,2020,1
T-0348,12/14/2020,Lunes,14,51,12,Diciembre,2020,1
T-0349,12/15/2020,Martes,15,51,12,Diciembre,2020,1
T-0350,12/16/2020,Miércoles,16,51,12,Diciembre,2020,1
T-0351,12/17/2020,Jueves,17,51,12,Diciembre,2020,1
T-0352,12/18/2020,Viernes,18,51,12,Diciembre,2020,1
T-0353,12/19/2020,Sábado,19,51,12,Diciembre,2020,1
T-0354,12/20/2020,Domingo,20,52,12,Diciembre,2020,1
T-0355,12/21/2020,Lunes,21,52,12,Diciembre,2020,1
T-0356,12/22/2020,Martes,22,52,12,Diciembre,2020,1
T-0357,12/23/2020,Miércoles,23,52,12,Diciembre,2020,1
T-0358,12/24/2020,Jueves,24,52,12,Diciembre,2020,1
T-0359,12/25/2020,Viernes,25,52,12,Diciembre,2020,1
T-0360,12/26/2020,Sábado,26,52,12,Diciembre,2020,1
T-0361,12/27/2020,Domingo,27,53,12,Diciembre,2020,1
T-0362,12/28/2020,Lunes,28,53,12,Diciembre,2020,1
T-0363,12/29/2020,Martes,29,53,12,Diciembre,2020,1
T-0364,12/30/2020,Miércoles,30,53,12,Diciembre,2020,1
T-0365,12/31/2020,Jueves,31,53,12,Diciembre,2020,1
T-0366,01/01/2019,Martes,1,1,1,Enero,2019,1
T-0367,01/02/2019,Miércoles,2,1,1,Enero,2019,1
T-0368,01/03/2019,Jueves,3,1,1,Enero,2019,1
T-0369,01/04/2019,Viernes,4,1,1,Enero,2019,1
T-0370,01/05/2019,Sábado,5,1,1,Enero,2019,1
T-0371,01/06/2019,Domingo,6,1,1,Enero,2019,1
T-0372,01/07/2019,Lunes,7,2,1,Enero,2019,1
T-0373,01/08/2019,Martes,8,2,1,Enero,2019,1
T-0374,01/09/2019,Miércoles,9,2,1,Enero,2019,1
T-0375,01/10/2019,Jueves,10,2,1,Enero,2019,1
T-0376,01/11/2019,Viernes,11,2,1,Enero,2019,1
T-0377,01/12/2019,Sábado,12,2,1,Enero,2019,1
T-0378,01/13/2019,Domingo,13,2,1,Enero,2019,1
T-0379,01/14/2019,Lunes,14,3,1,Enero,2019,1
T-0380,01/15/2019,Martes,15,3,1,Enero,2019,1
T-0381,01/16/2019,Miércoles,16,3,1,Enero,2019,1
T-0382,01/17/2019,Jueves,17,3,1,Enero,2019,1
T-0383,01/18/2019,Viernes,18,3,1,Enero,2019,1
T-0384,01/19/2019,Sábado,19,3,1,Enero,2019,1
T-0385,01/20/2019,Domingo,20,3,1,Enero,2019,1
T-0386,01/21/2019,Lunes,21,4,1,Enero,2019,1
T-0387,01/22/2019,Martes,22,4,1,Enero,2019,1
T-0388,01/23/2019,Miércoles,23,4,1,Enero,2019,1
T-0389,01/24/2019,Jueves,24,4,1,Enero,2019,1
T-0390,01/25/2019,Viernes,25,4,1,Enero,2019,1
T-0391,01/26/2019,Sábado,26,4,1,Enero,2019,1
T-0392,01/27/2019,Domingo,27,4,1,Enero,2019,1
T-0393,01/28/2019,Lunes,28,5,1,Enero,2019,1
T-0394,01/29/2019,Martes,29,5,1,Enero,2019,1
T-0395,01/30/2019,Miércoles,30,5,1,Enero,2019,1
T-0396,01/31/2019,Jueves,31,5,1,Enero,2019,1
T-0397,02/01/2019,Viernes,1,5,2,Febrero,2019,1
T-0398,02/02/2019,Sábado,2,5,2,Febrero,2019,1
T-0399,02/03/2019,Domingo,3,5,2,Febrero,2019,1
T-0400,02/04/2019,Lunes,4,6,2,Febrero,2019,1
T-0401,02/05/2019,Martes,5,6,2,Febrero,2019,1
T-0402,02/06/2019,Miércoles,6,6,2,Febrero,2019,1
T-0403,02/07/2019,Jueves,7,6,2,Febrero,2019,1
T-0404,02/08/2019,Viernes,8,6,2,Febrero,2019,1
T-0405,02/09/2019,Sábado,9,6,2,Febrero,2019,1
T-0406,02/10/2019,Domingo,10,6,2,Febrero,2019,1
T-0407,02/11/2019,Lunes,11,7,2,Febrero,2019,1
T-0408,02/12/2019,Martes,12,7,2,Febrero,2019,1
T-0409,02/13/2019,Miércoles,13,7,2,Febrero,2019,1
T-0410,02/14/2019,Jueves,14,7,2,Febrero,2019,1
T-0411,02/15/2019,Viernes,15,7,2,Febrero,2019,1
T-0412,02/16/2019,Sábado,16,7,2,Febrero,2019,1
T-0413,02/17/2019,Domingo,17,7,2,Febrero,2019,1
T-0414,02/18/2019,Lunes,18,8,2,Febrero,2019,1
T-0415,02/19/2019,Martes,19,8,2,Febrero,2019,1
T-0416,02/20/2019,Miércoles,20,8,2,Febrero,2019,1
T-0417,02/21/2019,Jueves,21,8,2,Febrero,2019,1
T-0418,02/22/2019,Viernes,22,8,2,Febrero,2019,1
T-0419,02/23/2019,Sábado,23,8,2,Febrero,2019,1
T-0420,02/24/2019,Domingo,24,8,2,Febrero,2019,1
T-0421,02/25/2019,Lunes,25,9,2,Febrero,2019,1
T-0422,02/26/2019,Martes,26,9,2,Febrero,2019,1
T-0423,02/27/2019,Miércoles,27,9,2,Febrero,2019,1
T-0424,02/28/2019,Jueves,28,9,2,Febrero,2019,1
T-0425,03/01/2019,Viernes,1,9,3,Marzo,2019,1
T-0426,03/02/2019,Sábado,2,9,3,Marzo,2019,1
T-0427,03/03/2019,Domingo,3,9,3,Marzo,2019,1
T-0428,03/04/2019,Lunes,4,10,3,Marzo,2019,1
T-0429,03/05/2019,Martes,5,10,3,Marzo,2019,1
T-0430,03/06/2019,Miércoles,6,10,3,Marzo,2019,1
T-0431,03/07/2019,Jueves,7,10,3,Marzo,2019,1
T-0432,03/08/2019,Viernes,8,10,3,Marzo,2019,1
T-0433,03/09/2019,Sábado,9,10,3,Marzo,2019,1
T-0434,03/10/2019,Domingo,10,10,3,Marzo,2019,1
T-0435,03/11/2019,Lunes,11,11,3,Marzo,2019,1
T-0436,03/12/2019,Martes,12,11,3,Marzo,2019,1
T-0437,03/13/2019,Miércoles,13,11,3,Marzo,2019,1
T-0438,03/14/2019,Jueves,14,11,3,Marzo,2019,1
T-0439,03/15/2019,Viernes,15,11,3,Marzo,2019,1
T-0440,03/16/2019,Sábado,16,11,3,Marzo,2019,1
T-0441,03/17/2019,Domingo,17,11,3,Marzo,2019,1
T-0442,03/18/2019,Lunes,18,12,3,Marzo,2019,1
T-0443,03/19/2019,Martes,19,12,3,Marzo,2019,1
T-0444,03/20/2019,Miércoles,20,12,3,Marzo,2019,1
T-0445,03/21/2019,Jueves,21,12,3,Marzo,2019,1
T-0446,03/22/2019,Viernes,22,12,3,Marzo,2019,1
T-0447,03/23/2019,Sábado,23,12,3,Marzo,2019,1
T-0448,03/24/2019,Domingo,24,12,3,Marzo,2019,1
T-0449,03/25/2019,Lunes,25,13,3,Marzo,2019,1
T-0450,03/26/2019,Martes,26,13,3,Marzo,2019,1
T-0451,03/27/2019,Miércoles,27,13,3,Marzo,2019,1
T-0452,03/28/2019,Jueves,28,13,3,Marzo,2019,1
T-0453,03/29/2019,Viernes,29,13,3,Marzo,2019,1
T-0454,03/30/2019,Sábado,30,13,3,Marzo,2019,1
T-0455,03/31/2019,Domingo,31,13,3,Marzo,2019,1
T-0456,04/01/2019,Lunes,1,14,4,Abril,2019,1
T-0457,04/02/2019,Martes,2,14,4,Abril,2019,1
T-0458,04/03/2019,Miércoles,3,14,4,Abril,2019,1
T-0459,04/04/2019,Jueves,4,14,4,Abril,2019,1
T-0460,04/05/2019,Viernes,5,14,4,Abril,2019,1
T-0461,04/06/2019,Sábado,6,14,4,Abril,2019,1
T-0462,04/07/2019,Domingo,7,14,4,Abril,2019,1
T-0463,04/08/2019,Lunes,8,15,4,Abril,2019,1
T-0464,04/09/2019,Martes,9,15,4,Abril,2019,1
T-0465,04/10/2019,Miércoles,10,15,4,Abril,2019,1
T-0466,04/11/2019,Jueves,11,15,4,Abril,2019,1
T-0467,04/12/2019,Viernes,12,15,4,Abril,2019,1
T-0468,04/13/2019,Sábado,13,15,4,Abril,2019,1
T-0469,04/14/2019,Domingo,14,15,4,Abril,2019,1
T-0470,04/15/2019,Lunes,15,16,4,Abril,2019,1
T-0471,04/16/2019,Martes,16,16,4,Abril,2019,1
T-0472,04/17/2019,Miércoles,17,16,4,Abril,2019,1
T-0473,04/18/2019,Jueves,18,16,4,Abril,2019,1
T-0474,04/19/2019,Viernes,19,16,4,Abril,2019,1
T-0475,04/20/2019,Sábado,20,16,4,Abril,2019,1
T-0476,04/21/2019,Domingo,21,16,4,Abril,2019,1
T-0477,04/22/2019,Lunes,22,17,4,Abril,2019,1
T-0478,04/23/2019,Martes,23,17,4,Abril,2019,1
T-0479,04/24/2019,Miércoles,24,17,4,Abril,2019,1
T-0480,04/25/2019,Jueves,25,17,4,Abril,2019,1
T-0481,04/26/2019,Viernes,26,17,4,Abril,2019,1
T-0482,04/27/2019,Sábado,27,17,4,Abril,2019,1
T-0483,04/28/2019,Domingo,28,17,4,Abril,2019,1
T-0484,04/29/2019,Lunes,29,18,4,Abril,2019,1
T-0485,04/30/2019,Martes,30,18,4,Abril,2019,1
T-0486,05/01/2019,Miércoles,1,18,5,Mayo,2019,1
T-0487,05/02/2019,Jueves,2,18,5,Mayo,2019,1
T-0488,05/03/2019,Viernes,3,18,5,Mayo,2019,1
T-0489,05/04/2019,Sábado,4,18,5,Mayo,2019,1
T-0490,05/05/2019,Domingo,5,18,5,Mayo,2019,1
T-0491,05/06/2019,Lunes,6,19,5,Mayo,2019,1
T-0492,05/07/2019,Martes,7,19,5,Mayo,2019,1
T-0493,05/08/2019,Miércoles,8,19,5,Mayo,2019,1
T-0494,05/09/2019,Jueves,9,19,5,Mayo,2019,1
T-0495,05/10/2019,Viernes,10,19,5,Mayo,2019,1
T-0496,05/11/2019,Sábado,11,19,5,Mayo,2019,1
T-0497,05/12/2019,Domingo,12,19,5,Mayo,2019,1
T-0498,05/13/2019,Lunes,13,20,5,Mayo,2019,1
T-0499,05/14/2019,Martes,14,20,5,Mayo,2019,1
T-0500,05/15/2019,Miércoles,15,20,5,Mayo,2019,1
T-0501,05/16/2019,Jueves,16,20,5,Mayo,2019,1
T-0502,05/17/2019,Viernes,17,20,5,Mayo,2019,1
T-0503,05/18/2019,Sábado,18,20,5,Mayo,2019,1
T-0504,05/19/2019,Domingo,19,20,5,Mayo,2019,1
T-0505,05/20/2019,Lunes,20,21,5,Mayo,2019,1
T-0506,05/21/2019,Martes,21,21,5,Mayo,2019,1
T-0507,05/22/2019,Miércoles,22,21,5,Mayo,2019,1
T-0508,05/23/2019,Jueves,23,21,5,Mayo,2019,1
T-0509,05/24/2019,Viernes,24,21,5,Mayo,2019,1
T-0510,05/25/2019,Sábado,25,21,5,Mayo,2019,1
T-0511,05/26/2019,Domingo,26,21,5,Mayo,2019,1
T-0512,05/27/2019,Lunes,27,22,5,Mayo,2019,1
T-0513,05/28/2019,Martes,28,22,5,Mayo,2019,1
T-0514,05/29/2019,Miércoles,29,22,5,Mayo,2019,1
T-0515,05/30/2019,Jueves,30,22,5,Mayo,2019,1
T-0516,05/31/2019,Viernes,31,22,5,Mayo,2019,1
T-0517,06/01/2019,Sábado,1,22,6,Junio,2019,1
T-0518,06/02/2019,Domingo,2,22,6,Junio,2019,1
T-0519,06/03/2019,Lunes,3,23,6,Junio,2019,1
T-0520,06/04/2019,Martes,4,23,6,Junio,2019,1
T-0521,06/05/2019,Miércoles,5,23,6,Junio,2019,1
T-0522,06/06/2019,Jueves,6,23,6,Junio,2019,1
T-0523,06/07/2019,Viernes,7,23,6,Junio,2019,1
T-0524,06/08/2019,Sábado,8,23,6,Junio,2019,1
T-0525,06/09/2019,Domingo,9,23,6,Junio,2019,1
T-0526,06/10/2019,Lunes,10,24,6,Junio,2019,1
T-0527,06/11/2019,Martes,11,24,6,Junio,2019,1
T-0528,06/12/2019,Miércoles,12,24,6,Junio,2019,1
T-0529,06/13/2019,Jueves,13,24,6,Junio,2019,1
T-0530,06/14/2019,Viernes,14,24,6,Junio,2019,1
T-0531,06/15/2019,Sábado,15,24,6,Junio,2019,1
T-0532,06/16/2019,Domingo,16,24,6,Junio,2019,1
T-0533,06/17/2019,Lunes,17,25,6,Junio,2019,1
T-0534,06/18/2019,Martes,18,25,6,Junio,2019,1
T-0535,06/19/2019,Miércoles,19,25,6,Junio,2019,1
T-0536,06/20/2019,Jueves,20,25,6,Junio,2019,1
T-0537,06/21/2019,Viernes,21,25,6,Junio,2019,1
T-0538,06/22/2019,Sábado,22,25,6,Junio,2019,1
T-0539,06/23/2019,Domingo,23,25,6,Junio,2019,1
T-0540,06/24/2019,Lunes,24,26,6,Junio,2019,1
T-0541,06/25/2019,Martes,25,26,6,Junio,2019,1
T-0542,06/26/2019,Miércoles,26,26,6,Junio,2019,1
T-0543,06/27/2019,Jueves,27,26,6,Junio,2019,1
T-0544,06/28/2019,Viernes,28,26,6,Junio,2019,1
T-0545,06/29/2019,Sábado,29,26,6,Junio,2019,1
T-0546,06/30/2019,Domingo,30,26,6,Junio,2019,1
T-0547,07/01/2019,Lunes,1,27,7,Julio,2019,1
T-0548,07/02/2019,Martes,2,27,7,Julio,2019,1
T-0549,07/03/2019,Miércoles,3,27,7,Julio,2019,1
T-0550,07/04/2019,Jueves,4,27,7,Julio,2019,1
T-0551,07/05/2019,Viernes,5,27,7,Julio,2019,1
T-0552,07/06/2019,Sábado,6,27,7,Julio,2019,1
T-0553,07/07/2019,Domingo,7,27,7,Julio,2019,1
T-0554,07/08/2019,Lunes,8,28,7,Julio,2019,1
T-0555,07/09/2019,Martes,9,28,7,Julio,2019,1
T-0556,07/10/2019,Miércoles,10,28,7,Julio,2019,1
T-0557,07/11/2019,Jueves,11,28,7,Julio,2019,1
T-0558,07/12/2019,Viernes,12,28,7,Julio,2019,1
T-0559,07/13/2019,Sábado,13,28,7,Julio,2019,1
T-0560,07/14/2019,Domingo,14,28,7,Julio,2019,1
T-0561,07/15/2019,Lunes,15,29,7,Julio,2019,1
T-0562,07/16/2019,Martes,16,29,7,Julio,2019,1
T-0563,07/17/2019,Miércoles,17,29,7,Julio,2019,1
T-0564,07/18/2019,Jueves,18,29,7,Julio,2019,1
T-0565,07/19/2019,Viernes,19,29,7,Julio,2019,1
T-0566,07/20/2019,Sábado,20,29,7,Julio,2019,1
T-0567,07/21/2019,Domingo,21,29,7,Julio,2019,1
T-0568,07/22/2019,Lunes,22,30,7,Julio,2019,1
T-0569,07/23/2019,Martes,23,30,7,Julio,2019,1
T-0570,07/24/2019,Miércoles,24,30,7,Julio,2019,1
T-0571,07/25/2019,Jueves,25,30,7,Julio,2019,1
T-0572,07/26/2019,Viernes,26,30,7,Julio,2019,1
T-0573,07/27/2019,Sábado,27,30,7,Julio,2019,1
T-0574,07/28/2019,Domingo,28,30,7,Julio,2019,1
T-0575,07/29/2019,Lunes,29,31,7,Julio,2019,1
T-0576,07/30/2019,Martes,30,31,7,Julio,2019,1
T-0577,07/31/2019,Miércoles,31,31,7,Julio,2019,1
T-0578,08/01/2019,Jueves,1,31,8,Agosto,2019,1
T-0579,08/02/2019,Viernes,2,31,8,Agosto,2019,1
T-0580,08/03/2019,Sábado,3,31,8,Agosto,2019,1
T-0581,08/04/2019,Domingo,4,31,8,Agosto,2019,1
T-0582,08/05/2019,Lunes,5,32,8,Agosto,2019,1
T-0583,08/06/2019,Martes,6,32,8,Agosto,2019,1
T-0584,08/07/2019,Miércoles,7,32,8,Agosto,2019,1
T-0585,08/08/2019,Jueves,8,32,8,Agosto,2019,1
T-0586,08/09/2019,Viernes,9,32,8,Agosto,2019,1
T-0587,08/10/2019,Sábado,10,32,8,Agosto,2019,1
T-0588,08/11/2019,Domingo,11,32,8,Agosto,2019,1
T-0589,08/12/2019,Lunes,12,33,8,Agosto,2019,1
T-0590,08/13/2019,Martes,13,33,8,Agosto,2019,1
T-0591,08/14/2019,Miércoles,14,33,8,Agosto,2019,1
T-0592,08/15/2019,Jueves,15,33,8,Agosto,2019,1
T-0593,08/16/2019,Viernes,16,33,8,Agosto,2019,1
T-0594,08/17/2019,Sábado,17,33,8,Agosto,2019,1
T-0595,08/18/2019,Domingo,18,33,8,Agosto,2019,1
T-0596,08/19/2019,Lunes,19,34,8,Agosto,2019,1
T-0597,08/20/2019,Martes,20,34,8,Agosto,2019,1
T-0598,08/21/2019,Miércoles,21,34,8,Agosto,2019,1
T-0599,08/22/2019,Jueves,22,34,8,Agosto,2019,1
T-0600,08/23/2019,Viernes,23,34,8,Agosto,2019,1
T-0601,08/24/2019,Sábado,24,34,8,Agosto,2019,1
T-0602,08/25/2019,Domingo,25,34,8,Agosto,2019,1
T-0603,08/26/2019,Lunes,26,35,8,Agosto,2019,1
T-0604,08/27/2019,Martes,27,35,8,Agosto,2019,1
T-0605,08/28/2019,Miércoles,28,35,8,Agosto,2019,1
T-0606,08/29/2019,Jueves,29,35,8,Agosto,2019,1
T-0607,08/30/2019,Viernes,30,35,8,Agosto,2019,1
T-0608,08/31/2019,Sábado,31,35,8,Agosto,2019,1
T-0609,09/01/2019,Domingo,1,35,9,Septiembre,2019,1
T-0610,09/02/2019,Lunes,2,36,9,Septiembre,2019,1
T-0611,09/03/2019,Martes,3,36,9,Septiembre,2019,1
T-0612,09/04/2019,Miércoles,4,36,9,Septiembre,2019,1
T-0613,09/05/2019,Jueves,5,36,9,Septiembre,2019,1
T-0614,09/06/2019,Viernes,6,36,9,Septiembre,2019,1
T-0615,09/07/2019,Sábado,7,36,9,Septiembre,2019,1
T-0616,09/08/2019,Domingo,8,36,9,Septiembre,2019,1
T-0617,09/09/2019,Lunes,9,37,9,Septiembre,2019,1
T-0618,09/10/2019,Martes,10,37,9,Septiembre,2019,1
T-0619,09/11/2019,Miércoles,11,37,9,Septiembre,2019,1
T-0620,09/12/2019,Jueves,12,37,9,Septiembre,2019,1
T-0621,09/13/2019,Viernes,13,37,9,Septiembre,2019,1
T-0622,09/14/2019,Sábado,14,37,9,Septiembre,2019,1
T-0623,09/15/2019,Domingo,15,37,9,Septiembre,2019,1
T-0624,09/16/2019,Lunes,16,38,9,Septiembre,2019,1
T-0625,09/17/2019,Martes,17,38,9,Septiembre,2019,1
T-0626,09/18/2019,Miércoles,18,38,9,Septiembre,2019,1
T-0627,09/19/2019,Jueves,19,38,9,Septiembre,2019,1
T-0628,09/20/2019,Viernes,20,38,9,Septiembre,2019,1
T-0629,09/21/2019,Sábado,21,38,9,Septiembre,2019,1
T-0630,09/22/2019,Domingo,22,38,9,Septiembre,2019,1
T-0631,09/23/2019,Lunes,23,39,9,Septiembre,2019,1
T-0632,09/24/2019,Martes,24,39,9,Septiembre,2019,1
T-0633,09/25/2019,Miércoles,25,39,9,Septiembre,2019,1
T-0634,09/26/2019,Jueves,26,39,9,Septiembre,2019,1
T-0635,09/27/2019,Viernes,27,39,9,Septiembre,2019,1
T-0636,09/28/2019,Sábado,28,39,9,Septiembre,2019,1
T-0637,09/29/2019,Domingo,29,39,9,Septiembre,2019,1
T-0638,09/30/2019,Lunes,30,40,9,Septiembre,2019,1
T-0639,10/01/2019,Martes,1,40,10,Octubre,2019,1
T-0640,10/02/2019,Miércoles,2,40,10,Octubre,2019,1
T-0641,10/03/2019,Jueves,3,40,10,Octubre,2019,1
T-0642,10/04/2019,Viernes,4,40,10,Octubre,2019,1
T-0643,10/05/2019,Sábado,5,40,10,Octubre,2019,1
T-0644,10/06/2019,Domingo,6,40,10,Octubre,2019,1
T-0645,10/07/2019,Lunes,7,41,10,Octubre,2019,1
T-0646,10/08/2019,Martes,8,41,10,Octubre,2019,1
T-0647,10/09/2019,Miércoles,9,41,10,Octubre,2019,1
T-0648,10/10/2019,Jueves,10,41,10,Octubre,2019,1
T-0649,10/11/2019,Viernes,11,41,10,Octubre,2019,1
T-0650,10/12/2019,Sábado,12,41,10,Octubre,2019,1
T-0651,10/13/2019,Domingo,13,41,10,Octubre,2019,1
T-0652,10/14/2019,Lunes,14,42,10,Octubre,2019,1
T-0653,10/15/2019,Martes,15,42,10,Octubre,2019,1
T-0654,10/16/2019,Miércoles,16,42,10,Octubre,2019,1
T-0655,10/17/2019,Jueves,17,42,10,Octubre,2019,1
T-0656,10/18/2019,Viernes,18,42,10,Octubre,2019,1
T-0657,10/19/2019,Sábado,19,42,10,Octubre,2019,1
T-0658,10/20/2019,Domingo,20,42,10,Octubre,2019,1
T-0659,10/21/2019,Lunes,21,43,10,Octubre,2019,1
T-0660,10/22/2019,Martes,22,43,10,Octubre,2019,1
T-0661,10/23/2019,Miércoles,23,43,10,Octubre,2019,1
T-0662,10/24/2019,Jueves,24,43,10,Octubre,2019,1
T-0663,10/25/2019,Viernes,25,43,10,Octubre,2019,1
T-0664,10/26/2019,Sábado,26,43,10,Octubre,2019,1
T-0665,10/27/2019,Domingo,27,43,10,Octubre,2019,1
T-0666,10/28/2019,Lunes,28,44,10,Octubre,2019,1
T-0667,10/29/2019,Martes,29,44,10,Octubre,2019,1
T-0668,10/30/2019,Miércoles,30,44,10,Octubre,2019,1
T-0669,10/31/2019,Jueves,31,44,10,Octubre,2019,1
T-0670,11/01/2019,Viernes,1,44,11,Noviembre,2019,1
T-0671,11/02/2019,Sábado,2,44,11,Noviembre,2019,1
T-0672,11/03/2019,Domingo,3,44,11,Noviembre,2019,1
T-0673,11/04/2019,Lunes,4,45,11,Noviembre,2019,1
T-0674,11/05/2019,Martes,5,45,11,Noviembre,2019,1
T-0675,11/06/2019,Miércoles,6,45,11,Noviembre,2019,1
T-0676,11/07/2019,Jueves,7,45,11,Noviembre,2019,1
T-0677,11/08/2019,Viernes,8,45,11,Noviembre,2019,1
T-0678,11/09/2019,Sábado,9,45,11,Noviembre,2019,1
T-0679,11/10/2019,Domingo,10,45,11,Noviembre,2019,1
T-0680,11/11/2019,Lunes,11,46,11,Noviembre,2019,1
T-0681,11/12/2019,Martes,12,46,11,Noviembre,2019,1
T-0682,11/13/2019,Miércoles,13,46,11,Noviembre,2019,1
T-0683,11/14/2019,Jueves,14,46,11,Noviembre,2019,1
T-0684,11/15/2019,Viernes,15,46,11,Noviembre,2019,1
T-0685,11/16/2019,Sábado,16,46,11,Noviembre,2019,1
T-0686,11/17/2019,Domingo,17,46,11,Noviembre,2019,1
T-0687,11/18/2019,Lunes,18,47,11,Noviembre,2019,1
T-0688,11/19/2019,Martes,19,47,11,Noviembre,2019,1
T-0689,11/20/2019,Miércoles,20,47,11,Noviembre,2019,1
T-0690,11/21/2019,Jueves,21,47,11,Noviembre,2019,1
T-0691,11/22/2019,Viernes,22,47,11,Noviembre,2019,1
T-0692,11/23/2019,Sábado,23,47,11,Noviembre,2019,1
T-0693,11/24/2019,Domingo,24,47,11,Noviembre,2019,1
T-0694,11/25/2019,Lunes,25,48,11,Noviembre,2019,1
T-0695,11/26/2019,Martes,26,48,11,Noviembre,2019,1
T-0696,11/27/2019,Miércoles,27,48,11,Noviembre,2019,1
T-0697,11/28/2019,Jueves,28,48,11,Noviembre,2019,1
T-0698,11/29/2019,Viernes,29,48,11,Noviembre,2019,1
T-0699,11/30/2019,Sábado,30,48,11,Noviembre,2019,1
T-0700,12/01/2019,Domingo,1,48,12,Diciembre,2019,1
T-0701,12/02/2019,Lunes,2,49,12,Diciembre,2019,1
T-0702,12/03/2019,Martes,3,49,12,Diciembre,2019,1
T-0703,12/04/2019,Miércoles,4,49,12,Diciembre,2019,1
T-0704,12/05/2019,Jueves,5,49,12,Diciembre,2019,1
T-0705,12/06/2019,Viernes,6,49,12,Diciembre,2019,1
T-0706,12/07/2019,Sábado,7,49,12,Diciembre,2019,1
T-0707,12/08/2019,Domingo,8,49,12,Diciembre,2019,1
T-0708,12/09/2019,Lunes,9,50,12,Diciembre,2019,1
T-0709,12/10/2019,Martes,10,50,12,Diciembre,2019,1
T-0710,12/11/2019,Miércoles,11,50,12,Diciembre,2019,1
T-0711,12/12/2019,Jueves,12,50,12,Diciembre,2019,1
T-0712,12/13/2019,Viernes,13,50,12,Diciembre,2019,1
T-0713,12/14/2019,Sábado,14,50,12,Diciembre,2019,1
T-0714,12/15/2019,Domingo,15,50,12,Diciembre,2019,1
T-0715,12/16/2019,Lunes,16,51,12,Diciembre,2019,1
T-0716,12/17/2019,Martes,17,51,12,Diciembre,2019,1
T-0717,12/18/2019,Miércoles,18,51,12,Diciembre,2019,1
T-0718,12/19/2019,Jueves,19,51,12,Diciembre,2019,1
T-0719,12/20/2019,Viernes,20,51,12,Diciembre,2019,1
T-0720,12/21/2019,Sábado,21,51,12,Diciembre,2019,1
T-0721,12/22/2019,Domingo,22,51,12,Diciembre,2019,1
T-0722,12/23/2019,Lunes,23,52,12,Diciembre,2019,1
T-0723,12/24/2019,Martes,24,52,12,Diciembre,2019,1
T-0724,12/25/2019,Miércoles,25,52,12,Diciembre,2019,1
T-0725,12/26/2019,Jueves,26,52,12,Diciembre,2019,1
T-0726,12/27/2019,Viernes,27,52,12,Diciembre,2019,1
T-0727,12/28/2019,Sábado,28,52,12,Diciembre,2019,1
T-0728,12/29/2019,Domingo,29,52,12,Diciembre,2019,1
T-0729,12/30/2019,Lunes,30,53,12,Diciembre,2019,1
T-0730,12/31/2019,Martes,31,53,12,Diciembre,2019,1
T-0731,01/02/2018,Lunes,2,1,1,Enero,2018,1
T-0732,01/03/2018,Martes,3,1,1,Enero,2018,1
T-0733,01/04/2018,Miércoles,4,1,1,Enero,2018,1
T-0734,01/05/2018,Jueves,5,1,1,Enero,2018,1
T-0735,01/06/2018,Viernes,6,1,1,Enero,2018,1
T-0736,01/07/2018,Sábado,7,2,1,Enero,2018,1
T-0737,01/08/2018,Domingo,8,2,1,Enero,2018,1
T-0738,01/09/2018,Lunes,9,2,1,Enero,2018,1
T-0739,01/10/2018,Martes,10,2,1,Enero,2018,1
T-0740,01/11/2018,Miércoles,11,2,1,Enero,2018,1
T-0741,01/12/2018,Jueves,12,2,1,Enero,2018,1
T-0742,01/13/2018,Viernes,13,2,1,Enero,2018,1
T-0743,01/14/2018,Sábado,14,3,1,Enero,2018,1
T-0744,01/15/2018,Domingo,15,3,1,Enero,2018,1
T-0745,01/16/2018,Lunes,16,3,1,Enero,2018,1
T-0746,01/17/2018,Martes,17,3,1,Enero,2018,1
T-0747,01/18/2018,Miércoles,18,3,1,Enero,2018,1
T-0748,01/19/2018,Jueves,19,3,1,Enero,2018,1
T-0749,01/20/2018,Viernes,20,3,1,Enero,2018,1
T-0750,01/21/2018,Sábado,21,4,1,Enero,2018,1
T-0751,01/22/2018,Domingo,22,4,1,Enero,2018,1
T-0752,01/23/2018,Lunes,23,4,1,Enero,2018,1
T-0753,01/24/2018,Martes,24,4,1,Enero,2018,1
T-0754,01/25/2018,Miércoles,25,4,1,Enero,2018,1
T-0755,01/26/2018,Jueves,26,4,1,Enero,2018,1
T-0756,01/27/2018,Viernes,27,4,1,Enero,2018,1
T-0757,01/28/2018,Sábado,28,5,1,Enero,2018,1
T-0758,01/29/2018,Domingo,29,5,1,Enero,2018,1
T-0759,01/30/2018,Lunes,30,5,1,Enero,2018,1
T-0760,01/31/2018,Martes,31,5,1,Enero,2018,1
T-0761,02/01/2018,Miércoles,1,5,2,Febrero,2018,1
T-0762,02/02/2018,Jueves,2,5,2,Febrero,2018,1
T-0763,02/03/2018,Viernes,3,5,2,Febrero,2018,1
T-0764,02/04/2018,Sábado,4,6,2,Febrero,2018,1
T-0765,02/05/2018,Domingo,5,6,2,Febrero,2018,1
T-0766,02/06/2018,Lunes,6,6,2,Febrero,2018,1
T-0767,02/07/2018,Martes,7,6,2,Febrero,2018,1
T-0768,02/08/2018,Miércoles,8,6,2,Febrero,2018,1
T-0769,02/09/2018,Jueves,9,6,2,Febrero,2018,1
T-0770,02/10/2018,Viernes,10,6,2,Febrero,2018,1
T-0771,02/11/2018,Sábado,11,7,2,Febrero,2018,1
T-0772,02/12/2018,Domingo,12,7,2,Febrero,2018,1
T-0773,02/13/2018,Lunes,13,7,2,Febrero,2018,1
T-0774,02/14/2018,Martes,14,7,2,Febrero,2018,1
T-0775,02/15/2018,Miércoles,15,7,2,Febrero,2018,1
T-0776,02/16/2018,Jueves,16,7,2,Febrero,2018,1
T-0777,02/17/2018,Viernes,17,7,2,Febrero,2018,1
T-0778,02/18/2018,Sábado,18,8,2,Febrero,2018,1
T-0779,02/19/2018,Domingo,19,8,2,Febrero,2018,1
T-0780,02/20/2018,Lunes,20,8,2,Febrero,2018,1
T-0781,02/21/2018,Martes,21,8,2,Febrero,2018,1
T-0782,02/22/2018,Miércoles,22,8,2,Febrero,2018,1
T-0783,02/23/2018,Jueves,23,8,2,Febrero,2018,1
T-0784,02/24/2018,Viernes,24,8,2,Febrero,2018,1
T-0785,02/25/2018,Sábado,25,9,2,Febrero,2018,1
T-0786,02/26/2018,Domingo,26,9,2,Febrero,2018,1
T-0787,02/27/2018,Lunes,27,9,2,Febrero,2018,1
T-0788,02/28/2018,Martes,28,9,2,Febrero,2018,1
T-0789,03/01/2018,Miércoles,1,9,3,Marzo,2018,1
T-0790,03/02/2018,Jueves,2,9,3,Marzo,2018,1
T-0791,03/03/2018,Viernes,3,9,3,Marzo,2018,1
T-0792,03/04/2018,Sábado,4,10,3,Marzo,2018,1
T-0793,03/05/2018,Domingo,5,10,3,Marzo,2018,1
T-0794,03/06/2018,Lunes,6,10,3,Marzo,2018,1
T-0795,03/07/2018,Martes,7,10,3,Marzo,2018,1
T-0796,03/08/2018,Miércoles,8,10,3,Marzo,2018,1
T-0797,03/09/2018,Jueves,9,10,3,Marzo,2018,1
T-0798,03/10/2018,Viernes,10,10,3,Marzo,2018,1
T-0799,03/11/2018,Sábado,11,11,3,Marzo,2018,1
T-0800,03/12/2018,Domingo,12,11,3,Marzo,2018,1
T-0801,03/13/2018,Lunes,13,11,3,Marzo,2018,1
T-0802,03/14/2018,Martes,14,11,3,Marzo,2018,1
T-0803,03/15/2018,Miércoles,15,11,3,Marzo,2018,1
T-0804,03/16/2018,Jueves,16,11,3,Marzo,2018,1
T-0805,03/17/2018,Viernes,17,11,3,Marzo,2018,1
T-0806,03/18/2018,Sábado,18,12,3,Marzo,2018,1
T-0807,03/19/2018,Domingo,19,12,3,Marzo,2018,1
T-0808,03/20/2018,Lunes,20,12,3,Marzo,2018,1
T-0809,03/21/2018,Martes,21,12,3,Marzo,2018,1
T-0810,03/22/2018,Miércoles,22,12,3,Marzo,2018,1
T-0811,03/23/2018,Jueves,23,12,3,Marzo,2018,1
T-0812,03/24/2018,Viernes,24,12,3,Marzo,2018,1
T-0813,03/25/2018,Sábado,25,13,3,Marzo,2018,1
T-0814,03/26/2018,Domingo,26,13,3,Marzo,2018,1
T-0815,03/27/2018,Lunes,27,13,3,Marzo,2018,1
T-0816,03/28/2018,Martes,28,13,3,Marzo,2018,1
T-0817,03/29/2018,Miércoles,29,13,3,Marzo,2018,1
T-0818,03/30/2018,Jueves,30,13,3,Marzo,2018,1
T-0819,03/31/2018,Viernes,31,13,3,Marzo,2018,1
T-0820,04/01/2018,Sábado,1,14,4,Abril,2018,1
T-0821,04/02/2018,Domingo,2,14,4,Abril,2018,1
T-0822,04/03/2018,Lunes,3,14,4,Abril,2018,1
T-0823,04/04/2018,Martes,4,14,4,Abril,2018,1
T-0824,04/05/2018,Miércoles,5,14,4,Abril,2018,1
T-0825,04/06/2018,Jueves,6,14,4,Abril,2018,1
T-0826,04/07/2018,Viernes,7,14,4,Abril,2018,1
T-0827,04/08/2018,Sábado,8,15,4,Abril,2018,1
T-0828,04/09/2018,Domingo,9,15,4,Abril,2018,1
T-0829,04/10/2018,Lunes,10,15,4,Abril,2018,1
T-0830,04/11/2018,Martes,11,15,4,Abril,2018,1
T-0831,04/12/2018,Miércoles,12,15,4,Abril,2018,1
T-0832,04/13/2018,Jueves,13,15,4,Abril,2018,1
T-0833,04/14/2018,Viernes,14,15,4,Abril,2018,1
T-0834,04/15/2018,Sábado,15,16,4,Abril,2018,1
T-0835,04/16/2018,Domingo,16,16,4,Abril,2018,1
T-0836,04/17/2018,Lunes,17,16,4,Abril,2018,1
T-0837,04/18/2018,Martes,18,16,4,Abril,2018,1
T-0838,04/19/2018,Miércoles,19,16,4,Abril,2018,1
T-0839,04/20/2018,Jueves,20,16,4,Abril,2018,1
T-0840,04/21/2018,Viernes,21,16,4,Abril,2018,1
T-0841,04/22/2018,Sábado,22,17,4,Abril,2018,1
T-0842,04/23/2018,Domingo,23,17,4,Abril,2018,1
T-0843,04/24/2018,Lunes,24,17,4,Abril,2018,1
T-0844,04/25/2018,Martes,25,17,4,Abril,2018,1
T-0845,04/26/2018,Miércoles,26,17,4,Abril,2018,1
T-0846,04/27/2018,Jueves,27,17,4,Abril,2018,1
T-0847,04/28/2018,Viernes,28,17,4,Abril,2018,1
T-0848,04/29/2018,Sábado,29,18,4,Abril,2018,1
T-0849,04/30/2018,Domingo,30,18,4,Abril,2018,1
T-0850,05/01/2018,Lunes,1,18,5,Mayo,2018,1
T-0851,05/02/2018,Martes,2,18,5,Mayo,2018,1
T-0852,05/03/2018,Miércoles,3,18,5,Mayo,2018,1
T-0853,05/04/2018,Jueves,4,18,5,Mayo,2018,1
T-0854,05/05/2018,Viernes,5,18,5,Mayo,2018,1
T-0855,05/06/2018,Sábado,6,19,5,Mayo,2018,1
T-0856,05/07/2018,Domingo,7,19,5,Mayo,2018,1
T-0857,05/08/2018,Lunes,8,19,5,Mayo,2018,1
T-0858,05/09/2018,Martes,9,19,5,Mayo,2018,1
T-0859,05/10/2018,Miércoles,10,19,5,Mayo,2018,1
T-0860,05/11/2018,Jueves,11,19,5,Mayo,2018,1
T-0861,05/12/2018,Viernes,12,19,5,Mayo,2018,1
T-0862,05/13/2018,Sábado,13,20,5,Mayo,2018,1
T-0863,05/14/2018,Domingo,14,20,5,Mayo,2018,1
T-0864,05/15/2018,Lunes,15,20,5,Mayo,2018,1
T-0865,05/16/2018,Martes,16,20,5,Mayo,2018,1
T-0866,05/17/2018,Miércoles,17,20,5,Mayo,2018,1
T-0867,05/18/2018,Jueves,18,20,5,Mayo,2018,1
T-0868,05/19/2018,Viernes,19,20,5,Mayo,2018,1
T-0869,05/20/2018,Sábado,20,21,5,Mayo,2018,1
T-0870,05/21/2018,Domingo,21,21,5,Mayo,2018,1
T-0871,05/22/2018,Lunes,22,21,5,Mayo,2018,1
T-0872,05/23/2018,Martes,23,21,5,Mayo,2018,1
T-0873,05/24/2018,Miércoles,24,21,5,Mayo,2018,1
T-0874,05/25/2018,Jueves,25,21,5,Mayo,2018,1
T-0875,05/26/2018,Viernes,26,21,5,Mayo,2018,1
T-0876,05/27/2018,Sábado,27,22,5,Mayo,2018,1
T-0877,05/28/2018,Domingo,28,22,5,Mayo,2018,1
T-0878,05/29/2018,Lunes,29,22,5,Mayo,2018,1
T-0879,05/30/2018,Martes,30,22,5,Mayo,2018,1
T-0880,05/31/2018,Miércoles,31,22,5,Mayo,2018,1
T-0881,06/01/2018,Jueves,1,22,6,Junio,2018,1
T-0882,06/02/2018,Viernes,2,22,6,Junio,2018,1
T-0883,06/03/2018,Sábado,3,23,6,Junio,2018,1
T-0884,06/04/2018,Domingo,4,23,6,Junio,2018,1
T-0885,06/05/2018,Lunes,5,23,6,Junio,2018,1
T-0886,06/06/2018,Martes,6,23,6,Junio,2018,1
T-0887,06/07/2018,Miércoles,7,23,6,Junio,2018,1
T-0888,06/08/2018,Jueves,8,23,6,Junio,2018,1
T-0889,06/09/2018,Viernes,9,23,6,Junio,2018,1
T-0890,06/10/2018,Sábado,10,24,6,Junio,2018,1
T-0891,06/11/2018,Domingo,11,24,6,Junio,2018,1
T-0892,06/12/2018,Lunes,12,24,6,Junio,2018,1
T-0893,06/13/2018,Martes,13,24,6,Junio,2018,1
T-0894,06/14/2018,Miércoles,14,24,6,Junio,2018,1
T-0895,06/15/2018,Jueves,15,24,6,Junio,2018,1
T-0896,06/16/2018,Viernes,16,24,6,Junio,2018,1
T-0897,06/17/2018,Sábado,17,25,6,Junio,2018,1
T-0898,06/18/2018,Domingo,18,25,6,Junio,2018,1
T-0899,06/19/2018,Lunes,19,25,6,Junio,2018,1
T-0900,06/20/2018,Martes,20,25,6,Junio,2018,1
T-0901,06/21/2018,Miércoles,21,25,6,Junio,2018,1
T-0902,06/22/2018,Jueves,22,25,6,Junio,2018,1
T-0903,06/23/2018,Viernes,23,25,6,Junio,2018,1
T-0904,06/24/2018,Sábado,24,26,6,Junio,2018,1
T-0905,06/25/2018,Domingo,25,26,6,Junio,2018,1
T-0906,06/26/2018,Lunes,26,26,6,Junio,2018,1
T-0907,06/27/2018,Martes,27,26,6,Junio,2018,1
T-0908,06/28/2018,Miércoles,28,26,6,Junio,2018,1
T-0909,06/29/2018,Jueves,29,26,6,Junio,2018,1
T-0910,06/30/2018,Viernes,30,26,6,Junio,2018,1
T-0911,07/01/2018,Sábado,1,27,7,Julio,2018,1
T-0912,07/02/2018,Domingo,2,27,7,Julio,2018,1
T-0913,07/03/2018,Lunes,3,27,7,Julio,2018,1
T-0914,07/04/2018,Martes,4,27,7,Julio,2018,1
T-0915,07/05/2018,Miércoles,5,27,7,Julio,2018,1
T-0916,07/06/2018,Jueves,6,27,7,Julio,2018,1
T-0917,07/07/2018,Viernes,7,27,7,Julio,2018,1
T-0918,07/08/2018,Sábado,8,28,7,Julio,2018,1
T-0919,07/09/2018,Domingo,9,28,7,Julio,2018,1
T-0920,07/10/2018,Lunes,10,28,7,Julio,2018,1
T-0921,07/11/2018,Martes,11,28,7,Julio,2018,1
T-0922,07/12/2018,Miércoles,12,28,7,Julio,2018,1
T-0923,07/13/2018,Jueves,13,28,7,Julio,2018,1
T-0924,07/14/2018,Viernes,14,28,7,Julio,2018,1
T-0925,07/15/2018,Sábado,15,29,7,Julio,2018,1
T-0926,07/16/2018,Domingo,16,29,7,Julio,2018,1
T-0927,07/17/2018,Lunes,17,29,7,Julio,2018,1
T-0928,07/18/2018,Martes,18,29,7,Julio,2018,1
T-0929,07/19/2018,Miércoles,19,29,7,Julio,2018,1
T-0930,07/20/2018,Jueves,20,29,7,Julio,2018,1
T-0931,07/21/2018,Viernes,21,29,7,Julio,2018,1
T-0932,07/22/2018,Sábado,22,30,7,Julio,2018,1
T-0933,07/23/2018,Domingo,23,30,7,Julio,2018,1
T-0934,07/24/2018,Lunes,24,30,7,Julio,2018,1
T-0935,07/25/2018,Martes,25,30,7,Julio,2018,1
T-0936,07/26/2018,Miércoles,26,30,7,Julio,2018,1
T-0937,07/27/2018,Jueves,27,30,7,Julio,2018,1
T-0938,07/28/2018,Viernes,28,30,7,Julio,2018,1
T-0939,07/29/2018,Sábado,29,31,7,Julio,2018,1
T-0940,07/30/2018,Domingo,30,31,7,Julio,2018,1
T-0941,07/31/2018,Lunes,31,31,7,Julio,2018,1
T-0942,08/01/2018,Martes,1,31,8,Agosto,2018,1
T-0943,08/02/2018,Miércoles,2,31,8,Agosto,2018,1
T-0944,08/03/2018,Jueves,3,31,8,Agosto,2018,1
T-0945,08/04/2018,Viernes,4,31,8,Agosto,2018,1
T-0946,08/05/2018,Sábado,5,32,8,Agosto,2018,1
T-0947,08/06/2018,Domingo,6,32,8,Agosto,2018,1
T-0948,08/07/2018,Lunes,7,32,8,Agosto,2018,1
T-0949,08/08/2018,Martes,8,32,8,Agosto,2018,1
T-0950,08/09/2018,Miércoles,9,32,8,Agosto,2018,1
T-0951,08/10/2018,Jueves,10,32,8,Agosto,2018,1
T-0952,08/11/2018,Viernes,11,32,8,Agosto,2018,1
T-0953,08/12/2018,Sábado,12,33,8,Agosto,2018,1
T-0954,08/13/2018,Domingo,13,33,8,Agosto,2018,1
T-0955,08/14/2018,Lunes,14,33,8,Agosto,2018,1
T-0956,08/15/2018,Martes,15,33,8,Agosto,2018,1
T-0957,08/16/2018,Miércoles,16,33,8,Agosto,2018,1
T-0958,08/17/2018,Jueves,17,33,8,Agosto,2018,1
T-0959,08/18/2018,Viernes,18,33,8,Agosto,2018,1
T-0960,08/19/2018,Sábado,19,34,8,Agosto,2018,1
T-0961,08/20/2018,Domingo,20,34,8,Agosto,2018,1
T-0962,08/21/2018,Lunes,21,34,8,Agosto,2018,1
T-0963,08/22/2018,Martes,22,34,8,Agosto,2018,1
T-0964,08/23/2018,Miércoles,23,34,8,Agosto,2018,1
T-0965,08/24/2018,Jueves,24,34,8,Agosto,2018,1
T-0966,08/25/2018,Viernes,25,34,8,Agosto,2018,1
T-0967,08/26/2018,Sábado,26,35,8,Agosto,2018,1
T-0968,08/27/2018,Domingo,27,35,8,Agosto,2018,1
T-0969,08/28/2018,Lunes,28,35,8,Agosto,2018,1
T-0970,08/29/2018,Martes,29,35,8,Agosto,2018,1
T-0971,08/30/2018,Miércoles,30,35,8,Agosto,2018,1
T-0972,08/31/2018,Jueves,31,35,8,Agosto,2018,1
T-0973,09/01/2018,Viernes,1,35,9,Septiembre,2018,1
T-0974,09/02/2018,Sábado,2,36,9,Septiembre,2018,1
T-0975,09/03/2018,Domingo,3,36,9,Septiembre,2018,1
T-0976,09/04/2018,Lunes,4,36,9,Septiembre,2018,1
T-0977,09/05/2018,Martes,5,36,9,Septiembre,2018,1
T-0978,09/06/2018,Miércoles,6,36,9,Septiembre,2018,1
T-0979,09/07/2018,Jueves,7,36,9,Septiembre,2018,1
T-0980,09/08/2018,Viernes,8,36,9,Septiembre,2018,1
T-0981,09/09/2018,Sábado,9,37,9,Septiembre,2018,1
T-0982,09/10/2018,Domingo,10,37,9,Septiembre,2018,1
T-0983,09/11/2018,Lunes,11,37,9,Septiembre,2018,1
T-0984,09/12/2018,Martes,12,37,9,Septiembre,2018,1
T-0985,09/13/2018,Miércoles,13,37,9,Septiembre,2018,1
T-0986,09/14/2018,Jueves,14,37,9,Septiembre,2018,1
T-0987,09/15/2018,Viernes,15,37,9,Septiembre,2018,1
T-0988,09/16/2018,Sábado,16,38,9,Septiembre,2018,1
T-0989,09/17/2018,Domingo,17,38,9,Septiembre,2018,1
T-0990,09/18/2018,Lunes,18,38,9,Septiembre,2018,1
T-0991,09/19/2018,Martes,19,38,9,Septiembre,2018,1
T-0992,09/20/2018,Miércoles,20,38,9,Septiembre,2018,1
T-0993,09/21/2018,Jueves,21,38,9,Septiembre,2018,1
T-0994,09/22/2018,Viernes,22,38,9,Septiembre,2018,1
T-0995,09/23/2018,Sábado,23,39,9,Septiembre,2018,1
T-0996,09/24/2018,Domingo,24,39,9,Septiembre,2018,1
T-0997,09/25/2018,Lunes,25,39,9,Septiembre,2018,1
T-0998,09/26/2018,Martes,26,39,9,Septiembre,2018,1
T-0999,09/27/2018,Miércoles,27,39,9,Septiembre,2018,1
T-1000,09/28/2018,Jueves,28,39,9,Septiembre,2018,1
T-1001,09/29/2018,Viernes,29,39,9,Septiembre,2018,1
T-1002,09/30/2018,Sábado,30,40,9,Septiembre,2018,1
T-1003,10/01/2018,Domingo,1,40,10,Octubre,2018,1
T-1004,10/02/2018,Lunes,2,40,10,Octubre,2018,1
T-1005,10/03/2018,Martes,3,40,10,Octubre,2018,1
T-1006,10/04/2018,Miércoles,4,40,10,Octubre,2018,1
T-1007,10/05/2018,Jueves,5,40,10,Octubre,2018,1
T-1008,10/06/2018,Viernes,6,40,10,Octubre,2018,1
T-1009,10/07/2018,Sábado,7,41,10,Octubre,2018,1
T-1010,10/08/2018,Domingo,8,41,10,Octubre,2018,1
T-1011,10/09/2018,Lunes,9,41,10,Octubre,2018,1
T-1012,10/10/2018,Martes,10,41,10,Octubre,2018,1
T-1013,10/11/2018,Miércoles,11,41,10,Octubre,2018,1
T-1014,10/12/2018,Jueves,12,41,10,Octubre,2018,1
T-1015,10/13/2018,Viernes,13,41,10,Octubre,2018,1
T-1016,10/14/2018,Sábado,14,42,10,Octubre,2018,1
T-1017,10/15/2018,Domingo,15,42,10,Octubre,2018,1
T-1018,10/16/2018,Lunes,16,42,10,Octubre,2018,1
T-1019,10/17/2018,Martes,17,42,10,Octubre,2018,1
T-1020,10/18/2018,Miércoles,18,42,10,Octubre,2018,1
T-1021,10/19/2018,Jueves,19,42,10,Octubre,2018,1
T-1022,10/20/2018,Viernes,20,42,10,Octubre,2018,1
T-1023,10/21/2018,Sábado,21,43,10,Octubre,2018,1
T-1024,10/22/2018,Domingo,22,43,10,Octubre,2018,1
T-1025,10/23/2018,Lunes,23,43,10,Octubre,2018,1
T-1026,10/24/2018,Martes,24,43,10,Octubre,2018,1
T-1027,10/25/2018,Miércoles,25,43,10,Octubre,2018,1
T-1028,10/26/2018,Jueves,26,43,10,Octubre,2018,1
T-1029,10/27/2018,Viernes,27,43,10,Octubre,2018,1
T-1030,10/28/2018,Sábado,28,44,10,Octubre,2018,1
T-1031,10/29/2018,Domingo,29,44,10,Octubre,2018,1
T-1032,10/30/2018,Lunes,30,44,10,Octubre,2018,1
T-1033,10/31/2018,Martes,31,44,10,Octubre,2018,1
T-1034,11/01/2018,Miércoles,1,44,11,Noviembre,2018,1
T-1035,11/02/2018,Jueves,2,44,11,Noviembre,2018,1
T-1036,11/03/2018,Viernes,3,44,11,Noviembre,2018,1
T-1037,11/04/2018,Sábado,4,45,11,Noviembre,2018,1
T-1038,11/05/2018,Domingo,5,45,11,Noviembre,2018,1
T-1039,11/06/2018,Lunes,6,45,11,Noviembre,2018,1
T-1040,11/07/2018,Martes,7,45,11,Noviembre,2018,1
T-1041,11/08/2018,Miércoles,8,45,11,Noviembre,2018,1
T-1042,11/09/2018,Jueves,9,45,11,Noviembre,2018,1
T-1043,11/10/2018,Viernes,10,45,11,Noviembre,2018,1
T-1044,11/11/2018,Sábado,11,46,11,Noviembre,2018,1
T-1045,11/12/2018,Domingo,12,46,11,Noviembre,2018,1
T-1046,11/13/2018,Lunes,13,46,11,Noviembre,2018,1
T-1047,11/14/2018,Martes,14,46,11,Noviembre,2018,1
T-1048,11/15/2018,Miércoles,15,46,11,Noviembre,2018,1
T-1049,11/16/2018,Jueves,16,46,11,Noviembre,2018,1
T-1050,11/17/2018,Viernes,17,46,11,Noviembre,2018,1
T-1051,11/18/2018,Sábado,18,47,11,Noviembre,2018,1
T-1052,11/19/2018,Domingo,19,47,11,Noviembre,2018,1
T-1053,11/20/2018,Lunes,20,47,11,Noviembre,2018,1
T-1054,11/21/2018,Martes,21,47,11,Noviembre,2018,1
T-1055,11/22/2018,Miércoles,22,47,11,Noviembre,2018,1
T-1056,11/23/2018,Jueves,23,47,11,Noviembre,2018,1
T-1057,11/24/2018,Viernes,24,47,11,Noviembre,2018,1
T-1058,11/25/2018,Sábado,25,48,11,Noviembre,2018,1
T-1059,11/26/2018,Domingo,26,48,11,Noviembre,2018,1
T-1060,11/27/2018,Lunes,27,48,11,Noviembre,2018,1
T-1061,11/28/2018,Martes,28,48,11,Noviembre,2018,1
T-1062,11/29/2018,Miércoles,29,48,11,Noviembre,2018,1
T-1063,11/30/2018,Jueves,30,48,11,Noviembre,2018,1
T-1064,12/01/2018,Viernes,1,48,12,Diciembre,2018,1
T-1065,12/02/2018,Sábado,2,49,12,Diciembre,2018,1
T-1066,12/03/2018,Domingo,3,49,12,Diciembre,2018,1
T-1067,12/04/2018,Lunes,4,49,12,Diciembre,2018,1
T-1068,12/05/2018,Martes,5,49,12,Diciembre,2018,1
T-1069,12/06/2018,Miércoles,6,49,12,Diciembre,2018,1
T-1070,12/07/2018,Jueves,7,49,12,Diciembre,2018,1
T-1071,12/08/2018,Viernes,8,49,12,Diciembre,2018,1
T-1072,12/09/2018,Sábado,9,50,12,Diciembre,2018,1
T-1073,12/10/2018,Domingo,10,50,12,Diciembre,2018,1
T-1074,12/11/2018,Lunes,11,50,12,Diciembre,2018,1
T-1075,12/12/2018,Martes,12,50,12,Diciembre,2018,1
T-1076,12/13/2018,Miércoles,13,50,12,Diciembre,2018,1
T-1077,12/14/2018,Jueves,14,50,12,Diciembre,2018,1
T-1078,12/15/2018,Viernes,15,50,12,Diciembre,2018,1
T-1079,12/16/2018,Sábado,16,51,12,Diciembre,2018,1
T-1080,12/17/2018,Domingo,17,51,12,Diciembre,2018,1
T-1081,12/18/2018,Lunes,18,51,12,Diciembre,2018,1
T-1082,12/19/2018,Martes,19,51,12,Diciembre,2018,1
T-1082,12/20/2018,Miércoles,20,51,12,Diciembre,2018,1
T-1084,12/21/2018,Jueves,21,51,12,Diciembre,2018,1
T-1085,12/22/2018,Viernes,22,51,12,Diciembre,2018,1
T-1086,12/23/2018,Sábado,23,52,12,Diciembre,2018,1
T-1087,12/24/2018,Domingo,24,52,12,Diciembre,2018,1
T-1088,12/25/2018,Lunes,25,52,12,Diciembre,2018,1
T-1089,12/26/2018,Martes,26,52,12,Diciembre,2018,1
T-1090,12/27/2018,Miércoles,27,52,12,Diciembre,2018,1
T-1091,12/28/2018,Jueves,28,52,12,Diciembre,2018,1
T-1092,12/29/2018,Viernes,29,52,12,Diciembre,2018,1
T-1093,12/30/2018,Sábado,30,53,12,Diciembre,2018,1
T-1094,12/31/2018,Domingo,31,53,12,Diciembre,2018,1
T-1096,,Lunes,,,,,,2
T-1097,,Martes,,,,,,2
T-1098,,Miércoles,,,,,,2
T-1099,,Jueves,,,,,,2
T-1100,,Viernes,,,,,,2
T-1101,,Sábado,,,,,,2
T-1102,,Domingo,,,,,,2
T-1103,,,1,,,,,3
T-1104,,,2,,,,,3
T-1105,,,3,,,,,3
T-1106,,,4,,,,,3
T-1107,,,5,,,,,3
T-1108,,,6,,,,,3
T-1109,,,7,,,,,3
T-1110,,,8,,,,,3
T-1111,,,9,,,,,3
T-1112,,,10,,,,,3
T-1113,,,11,,,,,3
T-1114,,,12,,,,,3
T-1115,,,13,,,,,3
T-1116,,,14,,,,,3
T-1117,,,15,,,,,3
T-1118,,,16,,,,,3
T-1119,,,17,,,,,3
T-1120,,,18,,,,,3
T-1121,,,19,,,,,3
T-1122,,,20,,,,,3
T-1123,,,21,,,,,3
T-1124,,,22,,,,,3
T-1125,,,23,,,,,3
T-1126,,,24,,,,,3
T-1127,,,25,,,,,3
T-1128,,,26,,,,,3
T-1129,,,27,,,,,3
T-1130,,,28,,,,,3
T-1131,,,29,,,,,3
T-1132,,,30,,,,,3
T-1133,,,31,,,,,3
T-1134,,,,,,Enero,,4
T-1135,,,,,,Febrero,,4
T-1136,,,,,,Marzo,,4
T-1137,,,,,,Abril,,4
T-1138,,,,,,Mayo,,4
T-1139,,,,,,Junio,,4
T-1140,,,,,,Julio,,4
T-1141,,,,,,Agosto,,4
T-1142,,,,,,Septiembre,,4
T-1143,,,,,,Octubre,,4
T-1144,,,,,,Noviembre,,4
T-1145,,,,,,Diciembre,,4
T-1146,,,,,,2020,,5
T-1147,,,,,,2019,,5
T-1148,,,,,,2018,,5
T-1149,,,,,1,,,6
T-1150,,,,,2,,,6
T-1151,,,,,3,,,6
T-1152,,,,,4,,,6
T-1153,,,,,5,,,6
T-1154,,,,,6,,,6
T-1155,,,,,7,,,6
T-1156,,,,,8,,,6
T-1157,,,,,9,,,6
T-1158,,,,,10,,,6
T-1159,,,,,11,,,6
T-1160,,,,,12,,,6
T-1161,,,,,,2021,,5
T-1162,,,,,,2022,,5
T-1163,01/01/2021,Viernes,1,1,1,Enero,2021,1
T-1164,01/02/2021,Sábado,2,1,1,Enero,2021,1
T-1165,01/03/2021,Domingo,3,1,1,Enero,2021,1
T-1166,01/04/2021,Lunes,4,1,1,Enero,2021,1
T-1167,01/05/2021,Martes,5,1,1,Enero,2021,1
T-1168,01/06/2021,Miércoles,6,1,1,Enero,2021,1
T-1169,01/07/2021,Jueves,7,1,1,Enero,2021,1
T-1170,01/08/2021,Viernes,8,2,1,Enero,2021,1
T-1171,01/09/2021,Sábado,9,2,1,Enero,2021,1
T-1172,01/10/2021,Domingo,10,2,1,Enero,2021,1
T-1173,01/11/2021,Lunes,11,2,1,Enero,2021,1
T-1174,01/12/2021,Martes,12,2,1,Enero,2021,1
T-1175,01/13/2021,Miércoles,13,2,1,Enero,2021,1
T-1176,01/14/2021,Jueves,14,2,1,Enero,2021,1
T-1177,01/15/2021,Viernes,15,3,1,Enero,2021,1
T-1178,01/16/2021,Sábado,16,3,1,Enero,2021,1
T-1179,01/17/2021,Domingo,17,3,1,Enero,2021,1
T-1180,01/18/2021,Lunes,18,3,1,Enero,2021,1
T-1181,01/19/2021,Martes,19,3,1,Enero,2021,1
T-1182,01/20/2021,Miércoles,20,3,1,Enero,2021,1
T-1183,01/21/2021,Jueves,21,3,1,Enero,2021,1
T-1184,01/22/2021,Viernes,22,4,1,Enero,2021,1
T-1185,01/23/2021,Sábado,23,4,1,Enero,2021,1
T-1186,01/24/2021,Domingo,24,4,1,Enero,2021,1
T-1187,01/25/2021,Lunes,25,4,1,Enero,2021,1
T-1188,01/26/2021,Martes,26,4,1,Enero,2021,1
T-1189,01/27/2021,Miércoles,27,4,1,Enero,2021,1
T-1190,01/28/2021,Jueves,28,4,1,Enero,2021,1
T-1191,01/29/2021,Viernes,29,5,1,Enero,2021,1
T-1192,01/30/2021,Sábado,30,5,1,Enero,2021,1
T-1193,01/31/2021,Domingo,31,5,1,Enero,2021,1
T-1194,02/01/2021,Lunes,1,5,2,Febrero,2021,1
T-1195,02/02/2021,Martes,2,5,2,Febrero,2021,1
T-1196,02/03/2021,Miércoles,3,5,2,Febrero,2021,1
T-1197,02/04/2021,Jueves,4,5,2,Febrero,2021,1
T-1198,02/05/2021,Viernes,5,6,2,Febrero,2021,1
T-1199,02/06/2021,Sábado,6,6,2,Febrero,2021,1
T-1200,02/07/2021,Domingo,7,6,2,Febrero,2021,1
T-1201,02/08/2021,Lunes,8,6,2,Febrero,2021,1
T-1202,02/09/2021,Martes,9,6,2,Febrero,2021,1
T-1203,02/10/2021,Miércoles,10,6,2,Febrero,2021,1
T-1204,02/11/2021,Jueves,11,6,2,Febrero,2021,1
T-1205,02/12/2021,Viernes,12,7,2,Febrero,2021,1
T-1206,02/13/2021,Sábado,13,7,2,Febrero,2021,1
T-1207,02/14/2021,Domingo,14,7,2,Febrero,2021,1
T-1208,02/15/2021,Lunes,15,7,2,Febrero,2021,1
T-1209,02/16/2021,Martes,16,7,2,Febrero,2021,1
T-1210,02/17/2021,Miércoles,17,7,2,Febrero,2021,1
T-1211,02/18/2021,Jueves,18,7,2,Febrero,2021,1
T-1212,02/19/2021,Viernes,19,8,2,Febrero,2021,1
T-1213,02/20/2021,Sábado,20,8,2,Febrero,2021,1
T-1214,02/21/2021,Domingo,21,8,2,Febrero,2021,1
T-1215,02/22/2021,Lunes,22,8,2,Febrero,2021,1
T-1216,02/23/2021,Martes,23,8,2,Febrero,2021,1
T-1217,02/24/2021,Miércoles,24,8,2,Febrero,2021,1
T-1218,02/25/2021,Jueves,25,8,2,Febrero,2021,1
T-1219,02/26/2021,Viernes,26,9,2,Febrero,2021,1
T-1220,02/27/2021,Sábado,27,9,2,Febrero,2021,1
T-1221,02/28/2021,Domingo,28,9,2,Febrero,2021,1
T-1222,03/01/2021,Lunes,1,9,3,Marzo,2021,1
T-1223,03/02/2021,Martes,2,9,3,Marzo,2021,1
T-1224,03/03/2021,Miércoles,3,9,3,Marzo,2021,1
T-1225,03/04/2021,Jueves,4,9,3,Marzo,2021,1
T-1226,03/05/2021,Viernes,5,10,3,Marzo,2021,1
T-1227,03/06/2021,Sábado,6,10,3,Marzo,2021,1
T-1228,03/07/2021,Domingo,7,10,3,Marzo,2021,1
T-1229,03/08/2021,Lunes,8,10,3,Marzo,2021,1
T-1230,03/09/2021,Martes,9,10,3,Marzo,2021,1
T-1231,03/10/2021,Miércoles,10,10,3,Marzo,2021,1
T-1232,03/11/2021,Jueves,11,10,3,Marzo,2021,1
T-1233,03/12/2021,Viernes,12,11,3,Marzo,2021,1
T-1234,03/13/2021,Sábado,13,11,3,Marzo,2021,1
T-1235,03/14/2021,Domingo,14,11,3,Marzo,2021,1
T-1236,03/15/2021,Lunes,15,11,3,Marzo,2021,1
T-1237,03/16/2021,Martes,16,11,3,Marzo,2021,1
T-1238,03/17/2021,Miércoles,17,11,3,Marzo,2021,1
T-1239,03/18/2021,Jueves,18,11,3,Marzo,2021,1
T-1240,03/19/2021,Viernes,19,12,3,Marzo,2021,1
T-1241,03/20/2021,Sábado,20,12,3,Marzo,2021,1
T-1242,03/21/2021,Domingo,21,12,3,Marzo,2021,1
T-1243,03/22/2021,Lunes,22,12,3,Marzo,2021,1
T-1244,03/23/2021,Martes,23,12,3,Marzo,2021,1
T-1245,03/24/2021,Miércoles,24,12,3,Marzo,2021,1
T-1246,03/25/2021,Jueves,25,12,3,Marzo,2021,1
T-1247,03/26/2021,Viernes,26,13,3,Marzo,2021,1
T-1248,03/27/2021,Sábado,27,13,3,Marzo,2021,1
T-1249,03/28/2021,Domingo,28,13,3,Marzo,2021,1
T-1250,03/29/2021,Lunes,29,13,3,Marzo,2021,1
T-1251,03/30/2021,Martes,30,13,3,Marzo,2021,1
T-1252,03/31/2021,Miércoles,31,13,3,Marzo,2021,1
T-1253,04/01/2021,Jueves,1,13,4,Abril,2021,1
T-1254,04/02/2021,Viernes,2,14,4,Abril,2021,1
T-1255,04/03/2021,Sábado,3,14,4,Abril,2021,1
T-1256,04/04/2021,Domingo,4,14,4,Abril,2021,1
T-1257,04/05/2021,Lunes,5,14,4,Abril,2021,1
T-1258,04/06/2021,Martes,6,14,4,Abril,2021,1
T-1259,04/07/2021,Miércoles,7,14,4,Abril,2021,1
T-1260,04/08/2021,Jueves,8,14,4,Abril,2021,1
T-1261,04/09/2021,Viernes,9,15,4,Abril,2021,1
T-1262,04/10/2021,Sábado,10,15,4,Abril,2021,1
T-1263,04/11/2021,Domingo,11,15,4,Abril,2021,1
T-1264,04/12/2021,Lunes,12,15,4,Abril,2021,1
T-1265,04/13/2021,Martes,13,15,4,Abril,2021,1
T-1266,04/14/2021,Miércoles,14,15,4,Abril,2021,1
T-1267,04/15/2021,Jueves,15,15,4,Abril,2021,1
T-1268,04/16/2021,Viernes,16,16,4,Abril,2021,1
T-1269,04/17/2021,Sábado,17,16,4,Abril,2021,1
T-1270,04/18/2021,Domingo,18,16,4,Abril,2021,1
T-1271,04/19/2021,Lunes,19,16,4,Abril,2021,1
T-1272,04/20/2021,Martes,20,16,4,Abril,2021,1
T-1273,04/21/2021,Miércoles,21,16,4,Abril,2021,1
T-1274,04/22/2021,Jueves,22,16,4,Abril,2021,1
T-1275,04/23/2021,Viernes,23,17,4,Abril,2021,1
T-1276,04/24/2021,Sábado,24,17,4,Abril,2021,1
T-1277,04/25/2021,Domingo,25,17,4,Abril,2021,1
T-1278,04/26/2021,Lunes,26,17,4,Abril,2021,1
T-1279,04/27/2021,Martes,27,17,4,Abril,2021,1
T-1280,04/28/2021,Miércoles,28,17,4,Abril,2021,1
T-1281,04/29/2021,Jueves,29,17,4,Abril,2021,1
T-1282,04/30/2021,Viernes,30,18,4,Abril,2021,1
T-1283,05/01/2021,Sábado,1,18,5,Mayo,2021,1
T-1284,05/02/2021,Domingo,2,18,5,Mayo,2021,1
T-1285,05/03/2021,Lunes,3,18,5,Mayo,2021,1
T-1286,05/04/2021,Martes,4,18,5,Mayo,2021,1
T-1287,05/05/2021,Miércoles,5,18,5,Mayo,2021,1
T-1288,05/06/2021,Jueves,6,18,5,Mayo,2021,1
T-1289,05/07/2021,Viernes,7,19,5,Mayo,2021,1
T-1290,05/08/2021,Sábado,8,19,5,Mayo,2021,1
T-1291,05/09/2021,Domingo,9,19,5,Mayo,2021,1
T-1292,05/10/2021,Lunes,10,19,5,Mayo,2021,1
T-1293,05/11/2021,Martes,11,19,5,Mayo,2021,1
T-1294,05/12/2021,Miércoles,12,19,5,Mayo,2021,1
T-1295,05/13/2021,Jueves,13,19,5,Mayo,2021,1
T-1296,05/14/2021,Viernes,14,20,5,Mayo,2021,1
T-1297,05/15/2021,Sábado,15,20,5,Mayo,2021,1
T-1298,05/16/2021,Domingo,16,20,5,Mayo,2021,1
T-1299,05/17/2021,Lunes,17,20,5,Mayo,2021,1
T-1300,05/18/2021,Martes,18,20,5,Mayo,2021,1
T-1301,05/19/2021,Miércoles,19,20,5,Mayo,2021,1
T-1302,05/20/2021,Jueves,20,20,5,Mayo,2021,1
T-1303,05/21/2021,Viernes,21,21,5,Mayo,2021,1
T-1304,05/22/2021,Sábado,22,21,5,Mayo,2021,1
T-1305,05/23/2021,Domingo,23,21,5,Mayo,2021,1
T-1306,05/24/2021,Lunes,24,21,5,Mayo,2021,1
T-1307,05/25/2021,Martes,25,21,5,Mayo,2021,1
T-1308,05/26/2021,Miércoles,26,21,5,Mayo,2021,1
T-1309,05/27/2021,Jueves,27,21,5,Mayo,2021,1
T-1310,05/28/2021,Viernes,28,22,5,Mayo,2021,1
T-1311,05/29/2021,Sábado,29,22,5,Mayo,2021,1
T-1312,05/30/2021,Domingo,30,22,5,Mayo,2021,1
T-1313,05/31/2021,Lunes,31,22,5,Mayo,2021,1
T-1314,06/01/2021,Martes,1,22,6,Junio,2021,1
T-1315,06/02/2021,Miércoles,2,22,6,Junio,2021,1
T-1316,06/03/2021,Jueves,3,22,6,Junio,2021,1
T-1317,06/04/2021,Viernes,4,23,6,Junio,2021,1
T-1318,06/05/2021,Sábado,5,23,6,Junio,2021,1
T-1319,06/06/2021,Domingo,6,23,6,Junio,2021,1
T-1320,06/07/2021,Lunes,7,23,6,Junio,2021,1
T-1321,06/08/2021,Martes,8,23,6,Junio,2021,1
T-1322,06/09/2021,Miércoles,9,23,6,Junio,2021,1
T-1323,06/10/2021,Jueves,10,23,6,Junio,2021,1
T-1324,06/11/2021,Viernes,11,24,6,Junio,2021,1
T-1325,06/12/2021,Sábado,12,24,6,Junio,2021,1
T-1326,06/13/2021,Domingo,13,24,6,Junio,2021,1
T-1327,06/14/2021,Lunes,14,24,6,Junio,2021,1
T-1328,06/15/2021,Martes,15,24,6,Junio,2021,1
T-1329,06/16/2021,Miércoles,16,24,6,Junio,2021,1
T-1330,06/17/2021,Jueves,17,24,6,Junio,2021,1
T-1331,06/18/2021,Viernes,18,25,6,Junio,2021,1
T-1332,06/19/2021,Sábado,19,25,6,Junio,2021,1
T-1333,06/20/2021,Domingo,20,25,6,Junio,2021,1
T-1334,06/21/2021,Lunes,21,25,6,Junio,2021,1
T-1335,06/22/2021,Martes,22,25,6,Junio,2021,1
T-1336,06/23/2021,Miércoles,23,25,6,Junio,2021,1
T-1337,06/24/2021,Jueves,24,25,6,Junio,2021,1
T-1338,06/25/2021,Viernes,25,26,6,Junio,2021,1
T-1339,06/26/2021,Sábado,26,26,6,Junio,2021,1
T-1340,06/27/2021,Domingo,27,26,6,Junio,2021,1
T-1341,06/28/2021,Lunes,28,26,6,Junio,2021,1
T-1342,06/29/2021,Martes,29,26,6,Junio,2021,1
T-1343,06/30/2021,Miércoles,30,26,6,Junio,2021,1
T-1344,07/01/2021,Jueves,1,26,7,Julio,2021,1
T-1345,07/02/2021,Viernes,2,27,7,Julio,2021,1
T-1346,07/03/2021,Sábado,3,27,7,Julio,2021,1
T-1347,07/04/2021,Domingo,4,27,7,Julio,2021,1
T-1348,07/05/2021,Lunes,5,27,7,Julio,2021,1
T-1349,07/06/2021,Martes,6,27,7,Julio,2021,1
T-1350,07/07/2021,Miércoles,7,27,7,Julio,2021,1
T-1351,07/08/2021,Jueves,8,27,7,Julio,2021,1
T-1352,07/09/2021,Viernes,9,28,7,Julio,2021,1
T-1353,07/10/2021,Sábado,10,28,7,Julio,2021,1
T-1354,07/11/2021,Domingo,11,28,7,Julio,2021,1
T-1355,07/12/2021,Lunes,12,28,7,Julio,2021,1
T-1356,07/13/2021,Martes,13,28,7,Julio,2021,1
T-1357,07/14/2021,Miércoles,14,28,7,Julio,2021,1
T-1358,07/15/2021,Jueves,15,28,7,Julio,2021,1
T-1359,07/16/2021,Viernes,16,29,7,Julio,2021,1
T-1360,07/17/2021,Sábado,17,29,7,Julio,2021,1
T-1361,07/18/2021,Domingo,18,29,7,Julio,2021,1
T-1362,07/19/2021,Lunes,19,29,7,Julio,2021,1
T-1363,07/20/2021,Martes,20,29,7,Julio,2021,1
T-1364,07/21/2021,Miércoles,21,29,7,Julio,2021,1
T-1365,07/22/2021,Jueves,22,29,7,Julio,2021,1
T-1366,07/23/2021,Viernes,23,30,7,Julio,2021,1
T-1367,07/24/2021,Sábado,24,30,7,Julio,2021,1
T-1368,07/25/2021,Domingo,25,30,7,Julio,2021,1
T-1369,07/26/2021,Lunes,26,30,7,Julio,2021,1
T-1370,07/27/2021,Martes,27,30,7,Julio,2021,1
T-1371,07/28/2021,Miércoles,28,30,7,Julio,2021,1
T-1372,07/29/2021,Jueves,29,30,7,Julio,2021,1
T-1373,07/30/2021,Viernes,30,31,7,Julio,2021,1
T-1374,07/31/2021,Sábado,31,31,7,Julio,2021,1
T-1375,08/01/2021,Domingo,1,31,8,Agosto,2021,1
T-1376,08/02/2021,Lunes,2,31,8,Agosto,2021,1
T-1377,08/03/2021,Martes,3,31,8,Agosto,2021,1
T-1378,08/04/2021,Miércoles,4,31,8,Agosto,2021,1
T-1379,08/05/2021,Jueves,5,31,8,Agosto,2021,1
T-1380,08/06/2021,Viernes,6,32,8,Agosto,2021,1
T-1381,08/07/2021,Sábado,7,32,8,Agosto,2021,1
T-1382,08/08/2021,Domingo,8,32,8,Agosto,2021,1
T-1383,08/09/2021,Lunes,9,32,8,Agosto,2021,1
T-1384,08/10/2021,Martes,10,32,8,Agosto,2021,1
T-1385,08/11/2021,Miércoles,11,32,8,Agosto,2021,1
T-1386,08/12/2021,Jueves,12,32,8,Agosto,2021,1
T-1387,08/13/2021,Viernes,13,33,8,Agosto,2021,1
T-1388,08/14/2021,Sábado,14,33,8,Agosto,2021,1
T-1389,08/15/2021,Domingo,15,33,8,Agosto,2021,1
T-1390,08/16/2021,Lunes,16,33,8,Agosto,2021,1
T-1391,08/17/2021,Martes,17,33,8,Agosto,2021,1
T-1392,08/18/2021,Miércoles,18,33,8,Agosto,2021,1
T-1393,08/19/2021,Jueves,19,33,8,Agosto,2021,1
T-1394,08/20/2021,Viernes,20,34,8,Agosto,2021,1
T-1395,08/21/2021,Sábado,21,34,8,Agosto,2021,1
T-1396,08/22/2021,Domingo,22,34,8,Agosto,2021,1
T-1397,08/23/2021,Lunes,23,34,8,Agosto,2021,1
T-1398,08/24/2021,Martes,24,34,8,Agosto,2021,1
T-1399,08/25/2021,Miércoles,25,34,8,Agosto,2021,1
T-1400,08/26/2021,Jueves,26,34,8,Agosto,2021,1
T-1401,08/27/2021,Viernes,27,35,8,Agosto,2021,1
T-1402,08/28/2021,Sábado,28,35,8,Agosto,2021,1
T-1403,08/29/2021,Domingo,29,35,8,Agosto,2021,1
T-1404,08/30/2021,Lunes,30,35,8,Agosto,2021,1
T-1405,08/31/2021,Martes,31,35,8,Agosto,2021,1
T-1406,09/01/2021,Miércoles,1,35,9,Septiembre,2021,1
T-1407,09/02/2021,Jueves,2,35,9,Septiembre,2021,1
T-1408,09/03/2021,Viernes,3,36,9,Septiembre,2021,1
T-1409,09/04/2021,Sábado,4,36,9,Septiembre,2021,1
T-1410,09/05/2021,Domingo,5,36,9,Septiembre,2021,1
T-1411,09/06/2021,Lunes,6,36,9,Septiembre,2021,1
T-1412,09/07/2021,Martes,7,36,9,Septiembre,2021,1
T-1413,09/08/2021,Miércoles,8,36,9,Septiembre,2021,1
T-1414,09/09/2021,Jueves,9,36,9,Septiembre,2021,1
T-1415,09/10/2021,Viernes,10,37,9,Septiembre,2021,1
T-1416,09/11/2021,Sábado,11,37,9,Septiembre,2021,1
T-1417,09/12/2021,Domingo,12,37,9,Septiembre,2021,1
T-1418,09/13/2021,Lunes,13,37,9,Septiembre,2021,1
T-1419,09/14/2021,Martes,14,37,9,Septiembre,2021,1
T-1420,09/15/2021,Miércoles,15,37,9,Septiembre,2021,1
T-1421,09/16/2021,Jueves,16,37,9,Septiembre,2021,1
T-1422,09/17/2021,Viernes,17,38,9,Septiembre,2021,1
T-1423,09/18/2021,Sábado,18,38,9,Septiembre,2021,1
T-1424,09/19/2021,Domingo,19,38,9,Septiembre,2021,1
T-1425,09/20/2021,Lunes,20,38,9,Septiembre,2021,1
T-1426,09/21/2021,Martes,21,38,9,Septiembre,2021,1
T-1427,09/22/2021,Miércoles,22,38,9,Septiembre,2021,1
T-1428,09/23/2021,Jueves,23,38,9,Septiembre,2021,1
T-1429,09/24/2021,Viernes,24,39,9,Septiembre,2021,1
T-1430,09/25/2021,Sábado,25,39,9,Septiembre,2021,1
T-1431,09/26/2021,Domingo,26,39,9,Septiembre,2021,1
T-1432,09/27/2021,Lunes,27,39,9,Septiembre,2021,1
T-1433,09/28/2021,Martes,28,39,9,Septiembre,2021,1
T-1434,09/29/2021,Miércoles,29,39,9,Septiembre,2021,1
T-1435,09/30/2021,Jueves,30,39,9,Septiembre,2021,1
T-1436,10/01/2021,Viernes,1,40,10,Octubre,2021,1
T-1437,10/02/2021,Sábado,2,40,10,Octubre,2021,1
T-1438,10/03/2021,Domingo,3,40,10,Octubre,2021,1
T-1439,10/04/2021,Lunes,4,40,10,Octubre,2021,1
T-1440,10/05/2021,Martes,5,40,10,Octubre,2021,1
T-1441,10/06/2021,Miércoles,6,40,10,Octubre,2021,1
T-1442,10/07/2021,Jueves,7,40,10,Octubre,2021,1
T-1443,10/08/2021,Viernes,8,41,10,Octubre,2021,1
T-1444,10/09/2021,Sábado,9,41,10,Octubre,2021,1
T-1445,10/10/2021,Domingo,10,41,10,Octubre,2021,1
T-1446,10/11/2021,Lunes,11,41,10,Octubre,2021,1
T-1447,10/12/2021,Martes,12,41,10,Octubre,2021,1
T-1448,10/13/2021,Miércoles,13,41,10,Octubre,2021,1
T-1449,10/14/2021,Jueves,14,41,10,Octubre,2021,1
T-1450,10/15/2021,Viernes,15,42,10,Octubre,2021,1
T-1451,10/16/2021,Sábado,16,42,10,Octubre,2021,1
T-1452,10/17/2021,Domingo,17,42,10,Octubre,2021,1
T-1453,10/18/2021,Lunes,18,42,10,Octubre,2021,1
T-1454,10/19/2021,Martes,19,42,10,Octubre,2021,1
T-1455,10/20/2021,Miércoles,20,42,10,Octubre,2021,1
T-1456,10/21/2021,Jueves,21,42,10,Octubre,2021,1
T-1457,10/22/2021,Viernes,22,43,10,Octubre,2021,1
T-1458,10/23/2021,Sábado,23,43,10,Octubre,2021,1
T-1459,10/24/2021,Domingo,24,43,10,Octubre,2021,1
T-1460,10/25/2021,Lunes,25,43,10,Octubre,2021,1
T-1461,10/26/2021,Martes,26,43,10,Octubre,2021,1
T-1462,10/27/2021,Miércoles,27,43,10,Octubre,2021,1
T-1463,10/28/2021,Jueves,28,43,10,Octubre,2021,1
T-1464,10/29/2021,Viernes,29,44,10,Octubre,2021,1
T-1465,10/30/2021,Sábado,30,44,10,Octubre,2021,1
T-1466,10/31/2021,Domingo,31,44,10,Octubre,2021,1
T-1467,11/01/2021,Lunes,1,44,11,Noviembre,2021,1
T-1468,11/02/2021,Martes,2,44,11,Noviembre,2021,1
T-1469,11/03/2021,Miércoles,3,44,11,Noviembre,2021,1
T-1470,11/04/2021,Jueves,4,44,11,Noviembre,2021,1
T-1471,11/05/2021,Viernes,5,45,11,Noviembre,2021,1
T-1472,11/06/2021,Sábado,6,45,11,Noviembre,2021,1
T-1473,11/07/2021,Domingo,7,45,11,Noviembre,2021,1
T-1474,11/08/2021,Lunes,8,45,11,Noviembre,2021,1
T-1475,11/09/2021,Martes,9,45,11,Noviembre,2021,1
T-1476,11/10/2021,Miércoles,10,45,11,Noviembre,2021,1
T-1477,11/11/2021,Jueves,11,45,11,Noviembre,2021,1
T-1478,11/12/2021,Viernes,12,46,11,Noviembre,2021,1
T-1479,11/13/2021,Sábado,13,46,11,Noviembre,2021,1
T-1480,11/14/2021,Domingo,14,46,11,Noviembre,2021,1
T-1481,11/15/2021,Lunes,15,46,11,Noviembre,2021,1
T-1482,11/16/2021,Martes,16,46,11,Noviembre,2021,1
T-1483,11/17/2021,Miércoles,17,46,11,Noviembre,2021,1
T-1484,11/18/2021,Jueves,18,46,11,Noviembre,2021,1
T-1485,11/19/2021,Viernes,19,47,11,Noviembre,2021,1
T-1486,11/20/2021,Sábado,20,47,11,Noviembre,2021,1
T-1487,11/21/2021,Domingo,21,47,11,Noviembre,2021,1
T-1488,11/22/2021,Lunes,22,47,11,Noviembre,2021,1
T-1489,11/23/2021,Martes,23,47,11,Noviembre,2021,1
T-1490,11/24/2021,Miércoles,24,47,11,Noviembre,2021,1
T-1491,11/25/2021,Jueves,25,47,11,Noviembre,2021,1
T-1492,11/26/2021,Viernes,26,48,11,Noviembre,2021,1
T-1493,11/27/2021,Sábado,27,48,11,Noviembre,2021,1
T-1494,11/28/2021,Domingo,28,48,11,Noviembre,2021,1
T-1495,11/29/2021,Lunes,29,48,11,Noviembre,2021,1
T-1496,11/30/2021,Martes,30,48,11,Noviembre,2021,1
T-1497,12/01/2021,Miércoles,1,48,12,Diciembre,2021,1
T-1498,12/02/2021,Jueves,2,48,12,Diciembre,2021,1
T-1499,12/03/2021,Viernes,3,49,12,Diciembre,2021,1
T-1500,12/04/2021,Sábado,4,49,12,Diciembre,2021,1
T-1501,12/05/2021,Domingo,5,49,12,Diciembre,2021,1
T-1502,12/06/2021,Lunes,6,49,12,Diciembre,2021,1
T-1503,12/07/2021,Martes,7,49,12,Diciembre,2021,1
T-1504,12/08/2021,Miércoles,8,49,12,Diciembre,2021,1
T-1505,12/09/2021,Jueves,9,49,12,Diciembre,2021,1
T-1506,12/10/2021,Viernes,10,50,12,Diciembre,2021,1
T-1507,12/11/2021,Sábado,11,50,12,Diciembre,2021,1
T-1508,12/12/2021,Domingo,12,50,12,Diciembre,2021,1
T-1509,12/13/2021,Lunes,13,50,12,Diciembre,2021,1
T-1510,12/14/2021,Martes,14,50,12,Diciembre,2021,1
T-1511,12/15/2021,Miércoles,15,50,12,Diciembre,2021,1
T-1512,12/16/2021,Jueves,16,50,12,Diciembre,2021,1
T-1513,12/17/2021,Viernes,17,51,12,Diciembre,2021,1
T-1514,12/18/2021,Sábado,18,51,12,Diciembre,2021,1
T-1515,12/19/2021,Domingo,19,51,12,Diciembre,2021,1
T-1516,12/20/2021,Lunes,20,51,12,Diciembre,2021,1
T-1517,12/21/2021,Martes,21,51,12,Diciembre,2021,1
T-1518,12/22/2021,Miércoles,22,51,12,Diciembre,2021,1
T-1519,12/23/2021,Jueves,23,51,12,Diciembre,2021,1
T-1520,12/24/2021,Viernes,24,52,12,Diciembre,2021,1
T-1521,12/25/2021,Sábado,25,52,12,Diciembre,2021,1
T-1522,12/26/2021,Domingo,26,52,12,Diciembre,2021,1
T-1523,12/27/2021,Lunes,27,52,12,Diciembre,2021,1
T-1524,12/28/2021,Martes,28,52,12,Diciembre,2021,1
T-1525,12/29/2021,Miércoles,29,52,12,Diciembre,2021,1
T-1526,12/30/2021,Jueves,30,52,12,Diciembre,2021,1
T-1527,12/31/2021,Viernes,31,53,12,Diciembre,2021,1
T-1528,01/01/2022,Sábado,1,1,1,Enero,2022,1
T-1529,01/02/2022,Domingo,2,1,1,Enero,2022,1
T-1530,01/03/2022,Lunes,3,1,1,Enero,2022,1
T-1531,01/04/2022,Martes,4,1,1,Enero,2022,1
T-1532,01/05/2022,Miércoles,5,1,1,Enero,2022,1
T-1533,01/06/2022,Jueves,6,1,1,Enero,2022,1
T-1534,01/07/2022,Viernes,7,1,1,Enero,2022,1
T-1535,01/08/2022,Sábado,8,2,1,Enero,2022,1
T-1536,01/09/2022,Domingo,9,2,1,Enero,2022,1
T-1537,01/10/2022,Lunes,10,2,1,Enero,2022,1
T-1538,01/11/2022,Martes,11,2,1,Enero,2022,1
T-1539,01/12/2022,Miércoles,12,2,1,Enero,2022,1
T-1540,01/13/2022,Jueves,13,2,1,Enero,2022,1
T-1541,01/14/2022,Viernes,14,2,1,Enero,2022,1
T-1542,01/15/2022,Sábado,15,3,1,Enero,2022,1
T-1543,01/16/2022,Domingo,16,3,1,Enero,2022,1
T-1544,01/17/2022,Lunes,17,3,1,Enero,2022,1
T-1545,01/18/2022,Martes,18,3,1,Enero,2022,1
T-1546,01/19/2022,Miércoles,19,3,1,Enero,2022,1
T-1547,01/20/2022,Jueves,20,3,1,Enero,2022,1
T-1548,01/21/2022,Viernes,21,3,1,Enero,2022,1
T-1549,01/22/2022,Sábado,22,4,1,Enero,2022,1
T-1550,01/23/2022,Domingo,23,4,1,Enero,2022,1
T-1551,01/24/2022,Lunes,24,4,1,Enero,2022,1
T-1552,01/25/2022,Martes,25,4,1,Enero,2022,1
T-1553,01/26/2022,Miércoles,26,4,1,Enero,2022,1
T-1554,01/27/2022,Jueves,27,4,1,Enero,2022,1
T-1555,01/28/2022,Viernes,28,4,1,Enero,2022,1
T-1556,01/29/2022,Sábado,29,5,1,Enero,2022,1
T-1557,01/30/2022,Domingo,30,5,1,Enero,2022,1
T-1558,01/31/2022,Lunes,31,5,1,Enero,2022,1
T-1559,02/01/2022,Martes,1,5,2,Febrero,2022,1
T-1560,02/02/2022,Miércoles,2,5,2,Febrero,2022,1
T-1561,02/03/2022,Jueves,3,5,2,Febrero,2022,1
T-1562,02/04/2022,Viernes,4,5,2,Febrero,2022,1
T-1563,02/05/2022,Sábado,5,6,2,Febrero,2022,1
T-1564,02/06/2022,Domingo,6,6,2,Febrero,2022,1
T-1565,02/07/2022,Lunes,7,6,2,Febrero,2022,1
T-1566,02/08/2022,Martes,8,6,2,Febrero,2022,1
T-1567,02/09/2022,Miércoles,9,6,2,Febrero,2022,1
T-1568,02/10/2022,Jueves,10,6,2,Febrero,2022,1
T-1569,02/11/2022,Viernes,11,6,2,Febrero,2022,1
T-1570,02/12/2022,Sábado,12,7,2,Febrero,2022,1
T-1571,02/13/2022,Domingo,13,7,2,Febrero,2022,1
T-1572,02/14/2022,Lunes,14,7,2,Febrero,2022,1
T-1573,02/15/2022,Martes,15,7,2,Febrero,2022,1
T-1574,02/16/2022,Miércoles,16,7,2,Febrero,2022,1
T-1575,02/17/2022,Jueves,17,7,2,Febrero,2022,1
T-1576,02/18/2022,Viernes,18,7,2,Febrero,2022,1
T-1577,02/19/2022,Sábado,19,8,2,Febrero,2022,1
T-1578,02/20/2022,Domingo,20,8,2,Febrero,2022,1
T-1579,02/21/2022,Lunes,21,8,2,Febrero,2022,1
T-1580,02/22/2022,Martes,22,8,2,Febrero,2022,1
T-1581,02/23/2022,Miércoles,23,8,2,Febrero,2022,1
T-1582,02/24/2022,Jueves,24,8,2,Febrero,2022,1
T-1583,02/25/2022,Viernes,25,8,2,Febrero,2022,1
T-1584,02/26/2022,Sábado,26,9,2,Febrero,2022,1
T-1585,02/27/2022,Domingo,27,9,2,Febrero,2022,1
T-1586,02/28/2022,Lunes,28,9,2,Febrero,2022,1
T-1587,03/01/2022,Martes,1,9,3,Marzo,2022,1
T-1588,03/02/2022,Miércoles,2,9,3,Marzo,2022,1
T-1589,03/03/2022,Jueves,3,9,3,Marzo,2022,1
T-1590,03/04/2022,Viernes,4,9,3,Marzo,2022,1
T-1591,03/05/2022,Sábado,5,10,3,Marzo,2022,1
T-1592,03/06/2022,Domingo,6,10,3,Marzo,2022,1
T-1593,03/07/2022,Lunes,7,10,3,Marzo,2022,1
T-1594,03/08/2022,Martes,8,10,3,Marzo,2022,1
T-1595,03/09/2022,Miércoles,9,10,3,Marzo,2022,1
T-1596,03/10/2022,Jueves,10,10,3,Marzo,2022,1
T-1597,03/11/2022,Viernes,11,10,3,Marzo,2022,1
T-1598,03/12/2022,Sábado,12,11,3,Marzo,2022,1
T-1599,03/13/2022,Domingo,13,11,3,Marzo,2022,1
T-1600,03/14/2022,Lunes,14,11,3,Marzo,2022,1
T-1601,03/15/2022,Martes,15,11,3,Marzo,2022,1
T-1602,03/16/2022,Miércoles,16,11,3,Marzo,2022,1
T-1603,03/17/2022,Jueves,17,11,3,Marzo,2022,1
T-1604,03/18/2022,Viernes,18,11,3,Marzo,2022,1
T-1605,03/19/2022,Sábado,19,12,3,Marzo,2022,1
T-1606,03/20/2022,Domingo,20,12,3,Marzo,2022,1
T-1607,03/21/2022,Lunes,21,12,3,Marzo,2022,1
T-1608,03/22/2022,Martes,22,12,3,Marzo,2022,1
T-1609,03/23/2022,Miércoles,23,12,3,Marzo,2022,1
T-1610,03/24/2022,Jueves,24,12,3,Marzo,2022,1
T-1611,03/25/2022,Viernes,25,12,3,Marzo,2022,1
T-1612,03/26/2022,Sábado,26,13,3,Marzo,2022,1
T-1613,03/27/2022,Domingo,27,13,3,Marzo,2022,1
T-1614,03/28/2022,Lunes,28,13,3,Marzo,2022,1
T-1615,03/29/2022,Martes,29,13,3,Marzo,2022,1
T-1616,03/30/2022,Miércoles,30,13,3,Marzo,2022,1
T-1617,03/31/2022,Jueves,31,13,3,Marzo,2022,1
T-1618,04/01/2022,Viernes,1,13,4,Abril,2022,1
T-1619,04/02/2022,Sábado,2,14,4,Abril,2022,1
T-1620,04/03/2022,Domingo,3,14,4,Abril,2022,1
T-1621,04/04/2022,Lunes,4,14,4,Abril,2022,1
T-1622,04/05/2022,Martes,5,14,4,Abril,2022,1
T-1623,04/06/2022,Miércoles,6,14,4,Abril,2022,1
T-1624,04/07/2022,Jueves,7,14,4,Abril,2022,1
T-1625,04/08/2022,Viernes,8,14,4,Abril,2022,1
T-1626,04/09/2022,Sábado,9,15,4,Abril,2022,1
T-1627,04/10/2022,Domingo,10,15,4,Abril,2022,1
T-1628,04/11/2022,Lunes,11,15,4,Abril,2022,1
T-1629,04/12/2022,Martes,12,15,4,Abril,2022,1
T-1630,04/13/2022,Miércoles,13,15,4,Abril,2022,1
T-1631,04/14/2022,Jueves,14,15,4,Abril,2022,1
T-1632,04/15/2022,Viernes,15,15,4,Abril,2022,1
T-1633,04/16/2022,Sábado,16,16,4,Abril,2022,1
T-1634,04/17/2022,Domingo,17,16,4,Abril,2022,1
T-1635,04/18/2022,Lunes,18,16,4,Abril,2022,1
T-1636,04/19/2022,Martes,19,16,4,Abril,2022,1
T-1637,04/20/2022,Miércoles,20,16,4,Abril,2022,1
T-1638,04/21/2022,Jueves,21,16,4,Abril,2022,1
T-1639,04/22/2022,Viernes,22,16,4,Abril,2022,1
T-1640,04/23/2022,Sábado,23,17,4,Abril,2022,1
T-1641,04/24/2022,Domingo,24,17,4,Abril,2022,1
T-1642,04/25/2022,Lunes,25,17,4,Abril,2022,1
T-1643,04/26/2022,Martes,26,17,4,Abril,2022,1
T-1644,04/27/2022,Miércoles,27,17,4,Abril,2022,1
T-1645,04/28/2022,Jueves,28,17,4,Abril,2022,1
T-1646,04/29/2022,Viernes,29,17,4,Abril,2022,1
T-1647,04/30/2022,Sábado,30,18,4,Abril,2022,1
T-1648,05/01/2022,Domingo,1,18,5,Mayo,2022,1
T-1649,05/02/2022,Lunes,2,18,5,Mayo,2022,1
T-1650,05/03/2022,Martes,3,18,5,Mayo,2022,1
T-1651,05/04/2022,Miércoles,4,18,5,Mayo,2022,1
T-1652,05/05/2022,Jueves,5,18,5,Mayo,2022,1
T-1653,05/06/2022,Viernes,6,18,5,Mayo,2022,1
T-1654,05/07/2022,Sábado,7,19,5,Mayo,2022,1
T-1655,05/08/2022,Domingo,8,19,5,Mayo,2022,1
T-1656,05/09/2022,Lunes,9,19,5,Mayo,2022,1
T-1657,05/10/2022,Martes,10,19,5,Mayo,2022,1
T-1658,05/11/2022,Miércoles,11,19,5,Mayo,2022,1
T-1659,05/12/2022,Jueves,12,19,5,Mayo,2022,1
T-1660,05/13/2022,Viernes,13,19,5,Mayo,2022,1
T-1661,05/14/2022,Sábado,14,20,5,Mayo,2022,1
T-1662,05/15/2022,Domingo,15,20,5,Mayo,2022,1
T-1663,05/16/2022,Lunes,16,20,5,Mayo,2022,1
T-1664,05/17/2022,Martes,17,20,5,Mayo,2022,1
T-1665,05/18/2022,Miércoles,18,20,5,Mayo,2022,1
T-1666,05/19/2022,Jueves,19,20,5,Mayo,2022,1
T-1667,05/20/2022,Viernes,20,20,5,Mayo,2022,1
T-1668,05/21/2022,Sábado,21,21,5,Mayo,2022,1
T-1669,05/22/2022,Domingo,22,21,5,Mayo,2022,1
T-1670,05/23/2022,Lunes,23,21,5,Mayo,2022,1
T-1671,05/24/2022,Martes,24,21,5,Mayo,2022,1
T-1672,05/25/2022,Miércoles,25,21,5,Mayo,2022,1
T-1673,05/26/2022,Jueves,26,21,5,Mayo,2022,1
T-1674,05/27/2022,Viernes,27,21,5,Mayo,2022,1
T-1675,05/28/2022,Sábado,28,22,5,Mayo,2022,1
T-1676,05/29/2022,Domingo,29,22,5,Mayo,2022,1
T-1677,05/30/2022,Lunes,30,22,5,Mayo,2022,1
T-1678,05/31/2022,Martes,31,22,5,Mayo,2022,1
T-1679,06/01/2022,Miércoles,1,22,6,Junio,2022,1
T-1680,06/02/2022,Jueves,2,22,6,Junio,2022,1
T-1681,06/03/2022,Viernes,3,22,6,Junio,2022,1
T-1682,06/04/2022,Sábado,4,23,6,Junio,2022,1
T-1683,06/05/2022,Domingo,5,23,6,Junio,2022,1
T-1684,06/06/2022,Lunes,6,23,6,Junio,2022,1
T-1685,06/07/2022,Martes,7,23,6,Junio,2022,1
T-1686,06/08/2022,Miércoles,8,23,6,Junio,2022,1
T-1687,06/09/2022,Jueves,9,23,6,Junio,2022,1
T-1688,06/10/2022,Viernes,10,23,6,Junio,2022,1
T-1689,06/11/2022,Sábado,11,24,6,Junio,2022,1
T-1690,06/12/2022,Domingo,12,24,6,Junio,2022,1
T-1691,06/13/2022,Lunes,13,24,6,Junio,2022,1
T-1692,06/14/2022,Martes,14,24,6,Junio,2022,1
T-1693,06/15/2022,Miércoles,15,24,6,Junio,2022,1
T-1694,06/16/2022,Jueves,16,24,6,Junio,2022,1
T-1695,06/17/2022,Viernes,17,24,6,Junio,2022,1
T-1696,06/18/2022,Sábado,18,25,6,Junio,2022,1
T-1697,06/19/2022,Domingo,19,25,6,Junio,2022,1
T-1698,06/20/2022,Lunes,20,25,6,Junio,2022,1
T-1699,06/21/2022,Martes,21,25,6,Junio,2022,1
T-1700,06/22/2022,Miércoles,22,25,6,Junio,2022,1
T-1701,06/23/2022,Jueves,23,25,6,Junio,2022,1
T-1702,06/24/2022,Viernes,24,25,6,Junio,2022,1
T-1703,06/25/2022,Sábado,25,26,6,Junio,2022,1
T-1704,06/26/2022,Domingo,26,26,6,Junio,2022,1
T-1705,06/27/2022,Lunes,27,26,6,Junio,2022,1
T-1706,06/28/2022,Martes,28,26,6,Junio,2022,1
T-1707,06/29/2022,Miércoles,29,26,6,Junio,2022,1
T-1708,06/30/2022,Jueves,30,26,6,Junio,2022,1
T-1709,07/01/2022,Viernes,1,26,7,Julio,2022,1
T-1710,07/02/2022,Sábado,2,27,7,Julio,2022,1
T-1711,07/03/2022,Domingo,3,27,7,Julio,2022,1
T-1712,07/04/2022,Lunes,4,27,7,Julio,2022,1
T-1713,07/05/2022,Martes,5,27,7,Julio,2022,1
T-1714,07/06/2022,Miércoles,6,27,7,Julio,2022,1
T-1715,07/07/2022,Jueves,7,27,7,Julio,2022,1
T-1716,07/08/2022,Viernes,8,27,7,Julio,2022,1
T-1717,07/09/2022,Sábado,9,28,7,Julio,2022,1
T-1718,07/10/2022,Domingo,10,28,7,Julio,2022,1
T-1719,07/11/2022,Lunes,11,28,7,Julio,2022,1
T-1720,07/12/2022,Martes,12,28,7,Julio,2022,1
T-1721,07/13/2022,Miércoles,13,28,7,Julio,2022,1
T-1722,07/14/2022,Jueves,14,28,7,Julio,2022,1
T-1723,07/15/2022,Viernes,15,28,7,Julio,2022,1
T-1724,07/16/2022,Sábado,16,29,7,Julio,2022,1
T-1725,07/17/2022,Domingo,17,29,7,Julio,2022,1
T-1726,07/18/2022,Lunes,18,29,7,Julio,2022,1
T-1727,07/19/2022,Martes,19,29,7,Julio,2022,1
T-1728,07/20/2022,Miércoles,20,29,7,Julio,2022,1
T-1729,07/21/2022,Jueves,21,29,7,Julio,2022,1
T-1730,07/22/2022,Viernes,22,29,7,Julio,2022,1
T-1731,07/23/2022,Sábado,23,30,7,Julio,2022,1
T-1732,07/24/2022,Domingo,24,30,7,Julio,2022,1
T-1733,07/25/2022,Lunes,25,30,7,Julio,2022,1
T-1734,07/26/2022,Martes,26,30,7,Julio,2022,1
T-1735,07/27/2022,Miércoles,27,30,7,Julio,2022,1
T-1736,07/28/2022,Jueves,28,30,7,Julio,2022,1
T-1737,07/29/2022,Viernes,29,30,7,Julio,2022,1
T-1738,07/30/2022,Sábado,30,31,7,Julio,2022,1
T-1739,07/31/2022,Domingo,31,31,7,Julio,2022,1
T-1740,08/01/2022,Lunes,1,31,8,Agosto,2022,1
T-1741,08/02/2022,Martes,2,31,8,Agosto,2022,1
T-1742,08/03/2022,Miércoles,3,31,8,Agosto,2022,1
T-1743,08/04/2022,Jueves,4,31,8,Agosto,2022,1
T-1744,08/05/2022,Viernes,5,31,8,Agosto,2022,1
T-1745,08/06/2022,Sábado,6,32,8,Agosto,2022,1
T-1746,08/07/2022,Domingo,7,32,8,Agosto,2022,1
T-1747,08/08/2022,Lunes,8,32,8,Agosto,2022,1
T-1748,08/09/2022,Martes,9,32,8,Agosto,2022,1
T-1749,08/10/2022,Miércoles,10,32,8,Agosto,2022,1
T-1750,08/11/2022,Jueves,11,32,8,Agosto,2022,1
T-1751,08/12/2022,Viernes,12,32,8,Agosto,2022,1
T-1752,08/13/2022,Sábado,13,33,8,Agosto,2022,1
T-1753,08/14/2022,Domingo,14,33,8,Agosto,2022,1
T-1754,08/15/2022,Lunes,15,33,8,Agosto,2022,1
T-1755,08/16/2022,Martes,16,33,8,Agosto,2022,1
T-1756,08/17/2022,Miércoles,17,33,8,Agosto,2022,1
T-1757,08/18/2022,Jueves,18,33,8,Agosto,2022,1
T-1758,08/19/2022,Viernes,19,33,8,Agosto,2022,1
T-1759,08/20/2022,Sábado,20,34,8,Agosto,2022,1
T-1760,08/21/2022,Domingo,21,34,8,Agosto,2022,1
T-1761,08/22/2022,Lunes,22,34,8,Agosto,2022,1
T-1762,08/23/2022,Martes,23,34,8,Agosto,2022,1
T-1763,08/24/2022,Miércoles,24,34,8,Agosto,2022,1
T-1764,08/25/2022,Jueves,25,34,8,Agosto,2022,1
T-1765,08/26/2022,Viernes,26,34,8,Agosto,2022,1
T-1766,08/27/2022,Sábado,27,35,8,Agosto,2022,1
T-1767,08/28/2022,Domingo,28,35,8,Agosto,2022,1
T-1768,08/29/2022,Lunes,29,35,8,Agosto,2022,1
T-1769,08/30/2022,Martes,30,35,8,Agosto,2022,1
T-1770,08/31/2022,Miércoles,31,35,8,Agosto,2022,1
T-1771,09/01/2022,Jueves,1,35,9,Septiembre,2022,1
T-1772,09/02/2022,Viernes,2,35,9,Septiembre,2022,1
T-1773,09/03/2022,Sábado,3,36,9,Septiembre,2022,1
T-1774,09/04/2022,Domingo,4,36,9,Septiembre,2022,1
T-1775,09/05/2022,Lunes,5,36,9,Septiembre,2022,1
T-1776,09/06/2022,Martes,6,36,9,Septiembre,2022,1
T-1777,09/07/2022,Miércoles,7,36,9,Septiembre,2022,1
T-1778,09/08/2022,Jueves,8,36,9,Septiembre,2022,1
T-1779,09/09/2022,Viernes,9,36,9,Septiembre,2022,1
T-1780,09/10/2022,Sábado,10,37,9,Septiembre,2022,1
T-1781,09/11/2022,Domingo,11,37,9,Septiembre,2022,1
T-1782,09/12/2022,Lunes,12,37,9,Septiembre,2022,1
T-1783,09/13/2022,Martes,13,37,9,Septiembre,2022,1
T-1784,09/14/2022,Miércoles,14,37,9,Septiembre,2022,1
T-1785,09/15/2022,Jueves,15,37,9,Septiembre,2022,1
T-1786,09/16/2022,Viernes,16,37,9,Septiembre,2022,1
T-1787,09/17/2022,Sábado,17,38,9,Septiembre,2022,1
T-1788,09/18/2022,Domingo,18,38,9,Septiembre,2022,1
T-1789,09/19/2022,Lunes,19,38,9,Septiembre,2022,1
T-1790,09/20/2022,Martes,20,38,9,Septiembre,2022,1
T-1791,09/21/2022,Miércoles,21,38,9,Septiembre,2022,1
T-1792,09/22/2022,Jueves,22,38,9,Septiembre,2022,1
T-1793,09/23/2022,Viernes,23,38,9,Septiembre,2022,1
T-1794,09/24/2022,Sábado,24,39,9,Septiembre,2022,1
T-1795,09/25/2022,Domingo,25,39,9,Septiembre,2022,1
T-1796,09/26/2022,Lunes,26,39,9,Septiembre,2022,1
T-1797,09/27/2022,Martes,27,39,9,Septiembre,2022,1
T-1798,09/28/2022,Miércoles,28,39,9,Septiembre,2022,1
T-1799,09/29/2022,Jueves,29,39,9,Septiembre,2022,1
T-1800,09/30/2022,Viernes,30,39,9,Septiembre,2022,1
T-1801,10/01/2022,Sábado,1,40,10,Octubre,2022,1
T-1802,10/02/2022,Domingo,2,40,10,Octubre,2022,1
T-1803,10/03/2022,Lunes,3,40,10,Octubre,2022,1
T-1804,10/04/2022,Martes,4,40,10,Octubre,2022,1
T-1805,10/05/2022,Miércoles,5,40,10,Octubre,2022,1
T-1806,10/06/2022,Jueves,6,40,10,Octubre,2022,1
T-1807,10/07/2022,Viernes,7,40,10,Octubre,2022,1
T-1808,10/08/2022,Sábado,8,41,10,Octubre,2022,1
T-1809,10/09/2022,Domingo,9,41,10,Octubre,2022,1
T-1810,10/10/2022,Lunes,10,41,10,Octubre,2022,1
T-1811,10/11/2022,Martes,11,41,10,Octubre,2022,1
T-1812,10/12/2022,Miércoles,12,41,10,Octubre,2022,1
T-1813,10/13/2022,Jueves,13,41,10,Octubre,2022,1
T-1814,10/14/2022,Viernes,14,41,10,Octubre,2022,1
T-1815,10/15/2022,Sábado,15,42,10,Octubre,2022,1
T-1816,10/16/2022,Domingo,16,42,10,Octubre,2022,1
T-1817,10/17/2022,Lunes,17,42,10,Octubre,2022,1
T-1818,10/18/2022,Martes,18,42,10,Octubre,2022,1
T-1819,10/19/2022,Miércoles,19,42,10,Octubre,2022,1
T-1820,10/20/2022,Jueves,20,42,10,Octubre,2022,1
T-1821,10/21/2022,Viernes,21,42,10,Octubre,2022,1
T-1822,10/22/2022,Sábado,22,43,10,Octubre,2022,1
T-1823,10/23/2022,Domingo,23,43,10,Octubre,2022,1
T-1824,10/24/2022,Lunes,24,43,10,Octubre,2022,1
T-1825,10/25/2022,Martes,25,43,10,Octubre,2022,1
T-1826,10/26/2022,Miércoles,26,43,10,Octubre,2022,1
T-1827,10/27/2022,Jueves,27,43,10,Octubre,2022,1
T-1828,10/28/2022,Viernes,28,43,10,Octubre,2022,1
T-1829,10/29/2022,Sábado,29,44,10,Octubre,2022,1
T-1830,10/30/2022,Domingo,30,44,10,Octubre,2022,1
T-1831,10/31/2022,Lunes,31,44,10,Octubre,2022,1
T-1832,11/01/2022,Martes,1,44,11,Noviembre,2022,1
T-1833,11/02/2022,Miércoles,2,44,11,Noviembre,2022,1
T-1834,11/03/2022,Jueves,3,44,11,Noviembre,2022,1
T-1835,11/04/2022,Viernes,4,44,11,Noviembre,2022,1
T-1836,11/05/2022,Sábado,5,45,11,Noviembre,2022,1
T-1837,11/06/2022,Domingo,6,45,11,Noviembre,2022,1
T-1838,11/07/2022,Lunes,7,45,11,Noviembre,2022,1
T-1839,11/08/2022,Martes,8,45,11,Noviembre,2022,1
T-1840,11/09/2022,Miércoles,9,45,11,Noviembre,2022,1
T-1841,11/10/2022,Jueves,10,45,11,Noviembre,2022,1
T-1842,11/11/2022,Viernes,11,45,11,Noviembre,2022,1
T-1843,11/12/2022,Sábado,12,46,11,Noviembre,2022,1
T-1844,11/13/2022,Domingo,13,46,11,Noviembre,2022,1
T-1845,11/14/2022,Lunes,14,46,11,Noviembre,2022,1
T-1846,11/15/2022,Martes,15,46,11,Noviembre,2022,1
T-1847,11/16/2022,Miércoles,16,46,11,Noviembre,2022,1
T-1848,11/17/2022,Jueves,17,46,11,Noviembre,2022,1
T-1849,11/18/2022,Viernes,18,46,11,Noviembre,2022,1
T-1850,11/19/2022,Sábado,19,47,11,Noviembre,2022,1
T-1851,11/20/2022,Domingo,20,47,11,Noviembre,2022,1
T-1852,11/21/2022,Lunes,21,47,11,Noviembre,2022,1
T-1853,11/22/2022,Martes,22,47,11,Noviembre,2022,1
T-1854,11/23/2022,Miércoles,23,47,11,Noviembre,2022,1
T-1855,11/24/2022,Jueves,24,47,11,Noviembre,2022,1
T-1856,11/25/2022,Viernes,25,47,11,Noviembre,2022,1
T-1857,11/26/2022,Sábado,26,48,11,Noviembre,2022,1
T-1858,11/27/2022,Domingo,27,48,11,Noviembre,2022,1
T-1859,11/28/2022,Lunes,28,48,11,Noviembre,2022,1
T-1860,11/29/2022,Martes,29,48,11,Noviembre,2022,1
T-1861,11/30/2022,Miércoles,30,48,11,Noviembre,2022,1
T-1862,12/01/2022,Jueves,1,48,12,Diciembre,2022,1
T-1863,12/02/2022,Viernes,2,49,12,Diciembre,2022,1
T-1864,12/03/2022,Sábado,3,49,12,Diciembre,2022,1
T-1865,12/04/2022,Domingo,4,49,12,Diciembre,2022,1
T-1866,12/05/2022,Lunes,5,49,12,Diciembre,2022,1
T-1867,12/06/2022,Martes,6,49,12,Diciembre,2022,1
T-1868,12/07/2022,Miércoles,7,49,12,Diciembre,2022,1
T-1869,12/08/2022,Jueves,8,49,12,Diciembre,2022,1
T-1870,12/09/2022,Viernes,9,50,12,Diciembre,2022,1
T-1871,12/10/2022,Sábado,10,50,12,Diciembre,2022,1
T-1872,12/11/2022,Domingo,11,50,12,Diciembre,2022,1
T-1873,12/12/2022,Lunes,12,50,12,Diciembre,2022,1
T-1874,12/13/2022,Martes,13,50,12,Diciembre,2022,1
T-1875,12/14/2022,Miércoles,14,50,12,Diciembre,2022,1
T-1876,12/15/2022,Jueves,15,50,12,Diciembre,2022,1
T-1877,12/16/2022,Viernes,16,51,12,Diciembre,2022,1
T-1878,12/17/2022,Sábado,17,51,12,Diciembre,2022,1
T-1879,12/18/2022,Domingo,18,51,12,Diciembre,2022,1
T-1880,12/19/2022,Lunes,19,51,12,Diciembre,2022,1
T-1881,12/20/2022,Martes,20,51,12,Diciembre,2022,1
T-1882,12/21/2022,Miércoles,21,51,12,Diciembre,2022,1
T-1883,12/22/2022,Jueves,22,51,12,Diciembre,2022,1
T-1884,12/23/2022,Viernes,23,52,12,Diciembre,2022,1
T-1885,12/24/2022,Sábado,24,52,12,Diciembre,2022,1
T-1886,12/25/2022,Domingo,25,52,12,Diciembre,2022,1
T-1887,12/26/2022,Lunes,26,52,12,Diciembre,2022,1
T-1888,12/27/2022,Martes,27,52,12,Diciembre,2022,1
T-1889,12/28/2022,Miércoles,28,52,12,Diciembre,2022,1
T-1890,12/29/2022,Jueves,29,52,12,Diciembre,2022,1
T-1891,12/30/2022,Viernes,30,53,12,Diciembre,2022,1
T-1892,12/31/2022,Sábado,31,53,12,Diciembre,2022,1
